Year,Month,Temperature
1997,01,16
1997,01,18
1997,01,17
1997,01,17
1997,01,15
1997,01,14
1997,01,14
1997,01,11
1997,01,11
1997,01,11
1997,01,12
1997,01,12
1997,01,15
1997,01,17
1997,01,17
1997,01,17
1997,01,18
1997,01,17
1997,01,17
1997,01,16
1997,01,18
1997,01,16
1997,01,13
1997,01,10
1997,01,10
1997,01,12
1997,01,13
1997,01,14
1997,01,14
1997,01,18
1997,01,17
1997,02,17
1997,02,17
1997,02,14
1997,02,14
1997,02,15
1997,02,14
1997,02,13
1997,02,13
1997,02,14
1997,02,16
1997,02,14
1997,02,13
1997,02,13
1997,02,14
1997,02,14
1997,02,13
1997,02,13
1997,02,11
1997,02,13
1997,02,14
1997,02,13
1997,02,16
1997,02,15
1997,02,16
1997,02,19
1997,02,21
1997,02,18
1997,02,17
1997,03,17
1997,03,16
1997,03,14
1997,03,14
1997,03,17
1997,03,17
1997,03,18
1997,03,19
1997,03,19
1997,03,20
1997,03,21
1997,03,20
1997,03,21
1997,03,21
1997,03,20
1997,03,21
1997,03,18
1997,03,18
1997,03,19
1997,03,17
1997,03,18
1997,03,18
1997,03,17
1997,03,16
1997,03,16
1997,03,19
1997,03,19
1997,03,19
1997,03,19
1997,03,18
1997,03,19
1997,04,19
1997,04,21
1997,04,21
1997,04,21
1997,04,20
1997,04,21
1997,04,20
1997,04,21
1997,04,22
1997,04,20
1997,04,20
1997,04,21
1997,04,22
1997,04,22
1997,04,24
1997,04,22
1997,04,21
1997,04,22
1997,04,22
1997,04,21
1997,04,22
1997,04,23
1997,04,22
1997,04,21
1997,04,19
1997,04,20
1997,04,22
1997,04,21
1997,04,24
1997,04,25
1997,05,24
1997,05,25
1997,05,25
1997,05,22
1997,05,23
1997,05,24
1997,05,24
1997,05,23
1997,05,23
1997,05,22
1997,05,24
1997,05,26
1997,05,27
1997,05,27
1997,05,27
1997,05,28
1997,05,25
1997,05,25
1997,05,26
1997,05,26
1997,05,23
1997,05,23
1997,05,22
1997,05,21
1997,05,23
1997,05,23
1997,05,22
1997,05,23
1997,05,25
1997,05,25
1997,05,26
1997,06,25
1997,06,27
1997,06,25
1997,06,24
1997,06,28
1997,06,27
1997,06,29
1997,06,29
1997,06,29
1997,06,26
1997,06,26
1997,06,27
1997,06,25
1997,06,25
1997,06,24
1997,06,23
1997,06,23
1997,06,23
1997,06,25
1997,06,26
1997,06,26
1997,06,25
1997,06,26
1997,06,25
1997,06,26
1997,06,26
1997,06,26
1997,06,27
1997,06,26
1997,06,27
1997,07,24
1997,07,25
1997,07,24
1997,07,23
1997,07,28
1997,07,26
1997,07,26
1997,07,27
1997,07,28
1997,07,26
1997,07,26
1997,07,27
1997,07,28
1997,07,27
1997,07,26
1997,07,26
1997,07,25
1997,07,25
1997,07,26
1997,07,25
1997,07,27
1997,07,28
1997,07,26
1997,07,27
1997,07,28
1997,07,28
1997,07,28
1997,07,28
1997,07,28
1997,07,29
1997,07,29
1997,08,26
1997,08,25
1997,08,25
1997,08,28
1997,08,28
1997,08,28
1997,08,26
1997,08,25
1997,08,29
1997,08,28
1997,08,25
1997,08,26
1997,08,26
1997,08,26
1997,08,27
1997,08,27
1997,08,26
1997,08,28
1997,08,29
1997,08,29
1997,08,26
1997,08,26
1997,08,27
1997,08,25
1997,08,26
1997,08,27
1997,08,25
1997,08,28
1997,08,28
1997,08,30
1997,08,29
1997,09,28
1997,09,29
1997,09,27
1997,09,27
1997,09,26
1997,09,28
1997,09,25
1997,09,25
1997,09,25
1997,09,26
1997,09,26
1997,09,26
1997,09,27
1997,09,24
1997,09,26
1997,09,26
1997,09,25
1997,09,24
1997,09,25
1997,09,27
1997,09,20
1997,09,22
1997,09,23
1997,09,25
1997,09,25
1997,09,25
1997,09,23
1997,09,20
1997,09,20
1997,09,22
1997,10,24
1997,10,26
1997,10,25
1997,10,26
1997,10,26
1997,10,25
1997,10,26
1997,10,26
1997,10,25
1997,10,24
1997,10,26
1997,10,26
1997,10,26
1997,10,25
1997,10,25
1997,10,26
1997,10,24
1997,10,24
1997,10,26
1997,10,25
1997,10,25
1997,10,26
1997,10,26
1997,10,26
1997,10,26
1997,10,25
1997,10,21
1997,10,19
1997,10,20
1997,10,21
1997,10,20
1997,11,19
1997,11,19
1997,11,21
1997,11,22
1997,11,20
1997,11,19
1997,11,20
1997,11,21
1997,11,22
1997,11,22
1997,11,23
1997,11,24
1997,11,22
1997,11,21
1997,11,23
1997,11,20
1997,11,17
1997,11,16
1997,11,18
1997,11,21
1997,11,21
1997,11,21
1997,11,23
1997,11,22
1997,11,24
1997,11,26
1997,11,25
1997,11,24
1997,11,22
1997,11,21
1997,12,18
1997,12,15
1997,12,15
1997,12,16
1997,12,20
1997,12,22
1997,12,17
1997,12,13
1997,12,12
1997,12,13
1997,12,13
1997,12,14
1997,12,14
1997,12,15
1997,12,15
1997,12,17
1997,12,17
1997,12,19
1997,12,20
1997,12,20
1997,12,21
1997,12,17
1997,12,14
1997,12,14
1997,12,17
1997,12,19
1997,12,18
1997,12,19
1997,12,18
1997,12,17
1997,12,20
1998,01,19
1998,01,19
1998,01,20
1998,01,18
1998,01,15
1998,01,17
1998,01,18
1998,01,18
1998,01,20
1998,01,20
1998,01,20
1998,01,16
1998,01,18
1998,01,18
1998,01,13
1998,01,13
1998,01,13
1998,01,10
1998,01,10
1998,01,13
1998,01,13
1998,01,16
1998,01,12
1998,01,9
1998,01,11
1998,01,11
1998,01,15
1998,01,13
1998,01,13
1998,01,14
1998,01,15
1998,02,17
1998,02,16
1998,02,18
1998,02,10
1998,02,9
1998,02,9
1998,02,10
1998,02,10
1998,02,15
1998,02,18
1998,02,17
1998,02,18
1998,02,20
1998,02,19
1998,02,18
1998,02,17
1998,02,19
1998,02,18
1998,02,19
1998,02,22
1998,02,16
1998,02,14
1998,02,14
1998,02,14
1998,02,14
1998,02,14
1998,02,14
1998,02,14
1998,03,15
1998,03,15
1998,03,16
1998,03,17
1998,03,16
1998,03,17
1998,03,18
1998,03,19
1998,03,22
1998,03,13
1998,03,13
1998,03,13
1998,03,15
1998,03,18
1998,03,17
1998,03,17
1998,03,18
1998,03,17
1998,03,18
1998,03,20
1998,03,14
1998,03,12
1998,03,16
1998,03,17
1998,03,19
1998,03,20
1998,03,21
1998,03,21
1998,03,22
1998,03,21
1998,03,21
1998,04,22
1998,04,21
1998,04,19
1998,04,20
1998,04,21
1998,04,22
1998,04,21
1998,04,22
1998,04,23
1998,04,24
1998,04,24
1998,04,22
1998,04,23
1998,04,23
1998,04,23
1998,04,21
1998,04,21
1998,04,23
1998,04,23
1998,04,21
1998,04,23
1998,04,24
1998,04,27
1998,04,27
1998,04,25
1998,04,22
1998,04,23
1998,04,24
1998,04,24
1998,04,24
1998,05,26
1998,05,23
1998,05,23
1998,05,24
1998,05,25
1998,05,24
1998,05,26
1998,05,27
1998,05,27
1998,05,27
1998,05,27
1998,05,27
1998,05,28
1998,05,27
1998,05,24
1998,05,26
1998,05,26
1998,05,26
1998,05,26
1998,05,26
1998,05,26
1998,05,26
1998,05,27
1998,05,23
1998,05,21
1998,05,21
1998,05,25
1998,05,24
1998,05,27
1998,05,25
1998,05,25
1998,06,27
1998,06,27
1998,06,27
1998,06,25
1998,06,25
1998,06,23
1998,06,22
1998,06,23
1998,06,24
1998,06,25
1998,06,25
1998,06,29
1998,06,29
1998,06,29
1998,06,29
1998,06,29
1998,06,30
1998,06,30
1998,06,27
1998,06,29
1998,06,29
1998,06,28
1998,06,26
1998,06,28
1998,06,29
1998,06,26
1998,06,27
1998,06,26
1998,06,27
1998,06,28
1998,07,26
1998,07,26
1998,07,25
1998,07,24
1998,07,25
1998,07,25
1998,07,26
1998,07,27
1998,07,26
1998,07,26
1998,07,28
1998,07,28
1998,07,24
1998,07,27
1998,07,28
1998,07,29
1998,07,29
1998,07,29
1998,07,29
1998,07,29
1998,07,30
1998,07,29
1998,07,30
1998,07,30
1998,07,30
1998,07,29
1998,07,29
1998,07,29
1998,07,29
1998,07,29
1998,07,29
1998,08,29
1998,08,28
1998,08,30
1998,08,29
1998,08,30
1998,08,28
1998,08,26
1998,08,27
1998,08,27
1998,08,27
1998,08,26
1998,08,27
1998,08,28
1998,08,28
1998,08,28
1998,08,28
1998,08,27
1998,08,29
1998,08,28
1998,08,28
1998,08,29
1998,08,28
1998,08,28
1998,08,28
1998,08,28
1998,08,29
1998,08,26
1998,08,26
1998,08,28
1998,08,26
1998,08,25
1998,09,26
1998,09,27
1998,09,27
1998,09,27
1998,09,27
1998,09,25
1998,09,26
1998,09,27
1998,09,27
1998,09,26
1998,09,26
1998,09,26
1998,09,26
1998,09,26
1998,09,28
1998,09,28
1998,09,28
1998,09,28
1998,09,26
1998,09,25
1998,09,26
1998,09,25
1998,09,26
1998,09,27
1998,09,27
1998,09,27
1998,09,27
1998,09,26
1998,09,25
1998,09,24
1998,10,25
1998,10,26
1998,10,26
1998,10,26
1998,10,26
1998,10,26
1998,10,26
1998,10,26
1998,10,25
1998,10,25
1998,10,26
1998,10,26
1998,10,26
1998,10,26
1998,10,24
1998,10,25
1998,10,24
1998,10,21
1998,10,24
1998,10,25
1998,10,23
1998,10,23
1998,10,23
1998,10,24
1998,10,23
1998,10,22
1998,10,22
1998,10,23
1998,10,23
1998,10,24
1998,10,24
1998,11,25
1998,11,21
1998,11,21
1998,11,21
1998,11,24
1998,11,22
1998,11,20
1998,11,21
1998,11,19
1998,11,20
1998,11,21
1998,11,19
1998,11,21
1998,11,21
1998,11,24
1998,11,25
1998,11,23
1998,11,22
1998,11,20
1998,11,20
1998,11,21
1998,11,19
1998,11,19
1998,11,19
1998,11,21
1998,11,18
1998,11,20
1998,11,19
1998,11,21
1998,11,22
1998,12,23
1998,12,23
1998,12,15
1998,12,14
1998,12,15
1998,12,17
1998,12,15
1998,12,15
1998,12,14
1998,12,14
1998,12,14
1998,12,14
1998,12,16
1998,12,14
1998,12,15
1998,12,16
1998,12,15
1998,12,19
1998,12,17
1998,12,19
1998,12,20
1998,12,18
1998,12,18
1998,12,18
1998,12,16
1998,12,16
1998,12,16
1998,12,17
1998,12,18
1998,12,18
1998,12,18
1999,01,17
1999,01,15
1999,01,13
1999,01,14
1999,01,14
1999,01,13
1999,01,14
1999,01,12
1999,01,15
1999,01,14
1999,01,14
1999,01,9
1999,01,9
1999,01,10
1999,01,9
1999,01,10
1999,01,12
1999,01,12
1999,01,15
1999,01,16
1999,01,15
1999,01,17
1999,01,18
1999,01,19
1999,01,19
1999,01,18
1999,01,19
1999,01,19
1999,01,19
1999,01,18
1999,01,19
1999,02,21
1999,02,18
1999,02,14
1999,02,12
1999,02,13
1999,02,14
1999,02,15
1999,02,16
1999,02,17
1999,02,19
1999,02,17
1999,02,17
1999,02,16
1999,02,16
1999,02,17
1999,02,18
1999,02,19
1999,02,19
1999,02,14
1999,02,12
1999,02,12
1999,02,13
1999,02,17
1999,02,16
1999,02,18
1999,02,21
1999,02,19
1999,02,18
1999,03,18
1999,03,19
1999,03,19
1999,03,20
1999,03,19
1999,03,19
1999,03,22
1999,03,20
1999,03,20
1999,03,16
1999,03,13
1999,03,13
1999,03,15
1999,03,16
1999,03,16
1999,03,15
1999,03,19
1999,03,24
1999,03,26
1999,03,25
1999,03,14
1999,03,12
1999,03,14
1999,03,19
1999,03,21
1999,03,25
1999,03,23
1999,03,20
1999,03,17
1999,03,15
1999,03,18
1999,04,21
1999,04,23
1999,04,20
1999,04,20
1999,04,19
1999,04,18
1999,04,21
1999,04,21
1999,04,23
1999,04,23
1999,04,23
1999,04,23
1999,04,23
1999,04,22
1999,04,21
1999,04,24
1999,04,26
1999,04,28
1999,04,24
1999,04,24
1999,04,23
1999,04,23
1999,04,24
1999,04,27
1999,04,27
1999,04,27
1999,04,24
1999,04,23
1999,04,20
1999,04,19
1999,05,21
1999,05,23
1999,05,23
1999,05,24
1999,05,21
1999,05,18
1999,05,18
1999,05,19
1999,05,18
1999,05,19
1999,05,21
1999,05,24
1999,05,23
1999,05,24
1999,05,25
1999,05,26
1999,05,28
1999,05,25
1999,05,24
1999,05,25
1999,05,25
1999,05,26
1999,05,26
1999,05,28
1999,05,27
1999,05,25
1999,05,22
1999,05,22
1999,05,22
1999,05,25
1999,05,26
1999,06,27
1999,06,27
1999,06,26
1999,06,28
1999,06,27
1999,06,28
1999,06,26
1999,06,27
1999,06,28
1999,06,27
1999,06,28
1999,06,28
1999,06,28
1999,06,28
1999,06,28
1999,06,28
1999,06,26
1999,06,28
1999,06,27
1999,06,27
1999,06,27
1999,06,28
1999,06,25
1999,06,29
1999,06,29
1999,06,29
1999,06,28
1999,06,28
1999,06,28
1999,06,28
1999,07,28
1999,07,28
1999,07,27
1999,07,26
1999,07,26
1999,07,26
1999,07,27
1999,07,26
1999,07,26
1999,07,29
1999,07,29
1999,07,29
1999,07,28
1999,07,29
1999,07,29
1999,07,28
1999,07,28
1999,07,29
1999,07,29
1999,07,29
1999,07,29
1999,07,29
1999,07,29
1999,07,28
1999,07,29
1999,07,27
1999,07,26
1999,07,27
1999,07,28
1999,07,29
1999,07,29
1999,08,28
1999,08,27
1999,08,28
1999,08,28
1999,08,26
1999,08,26
1999,08,29
1999,08,26
1999,08,27
1999,08,26
1999,08,26
1999,08,27
1999,08,27
1999,08,27
1999,08,28
1999,08,28
1999,08,28
1999,08,27
1999,08,27
1999,08,27
1999,08,27
1999,08,25
1999,08,25
1999,08,24
1999,08,25
1999,08,26
1999,08,27
1999,08,27
1999,08,27
1999,08,28
1999,08,27
1999,09,26
1999,09,27
1999,09,27
1999,09,28
1999,09,28
1999,09,28
1999,09,28
1999,09,27
1999,09,27
1999,09,27
1999,09,27
1999,09,28
1999,09,29
1999,09,28
1999,09,28
1999,09,24
1999,09,24
1999,09,27
1999,09,27
1999,09,26
1999,09,26
1999,09,24
1999,09,23
1999,09,23
1999,09,25
1999,09,23
1999,09,25
1999,09,26
1999,09,26
1999,09,26
1999,10,27
1999,10,26
1999,10,25
1999,10,24
1999,10,24
1999,10,25
1999,10,25
1999,10,25
1999,10,26
1999,10,25
1999,10,26
1999,10,27
1999,10,27
1999,10,27
1999,10,27
1999,10,25
1999,10,22
1999,10,20
1999,10,22
1999,10,23
1999,10,25
1999,10,25
1999,10,25
1999,10,22
1999,10,24
1999,10,24
1999,10,24
1999,10,24
1999,10,24
1999,10,25
1999,10,25
1999,11,21
1999,11,18
1999,11,18
1999,11,20
1999,11,23
1999,11,24
1999,11,24
1999,11,23
1999,11,22
1999,11,23
1999,11,23
1999,11,21
1999,11,22
1999,11,22
1999,11,21
1999,11,19
1999,11,18
1999,11,16
1999,11,19
1999,11,19
1999,11,20
1999,11,22
1999,11,20
1999,11,21
1999,11,20
1999,11,21
1999,11,21
1999,11,14
1999,11,12
1999,11,14
1999,12,17
1999,12,17
1999,12,16
1999,12,16
1999,12,17
1999,12,14
1999,12,15
1999,12,14
1999,12,15
1999,12,15
1999,12,16
1999,12,19
1999,12,19
1999,12,19
1999,12,17
1999,12,16
1999,12,15
1999,12,13
1999,12,13
1999,12,10
1999,12,7
1999,12,6
1999,12,5
1999,12,7
1999,12,9
1999,12,10
1999,12,15
1999,12,16
1999,12,14
1999,12,14
1999,12,14
2000,01,14
2000,01,16
2000,01,18
2000,01,18
2000,01,19
2000,01,18
2000,01,18
2000,01,17
2000,01,18
2000,01,18
2000,01,19
2000,01,19
2000,01,17
2000,01,18
2000,01,18
2000,01,18
2000,01,13
2000,01,11
2000,01,9
2000,01,11
2000,01,14
2000,01,17
2000,01,16
2000,01,18
2000,01,10
2000,01,8
2000,01,7
2000,01,8
2000,01,13
2000,01,10
2000,01,10
2000,02,8
2000,02,8
2000,02,12
2000,02,15
2000,02,15
2000,02,13
2000,02,13
2000,02,12
2000,02,14
2000,02,14
2000,02,18
2000,02,16
2000,02,17
2000,02,16
2000,02,16
2000,02,15
2000,02,16
2000,02,17
2000,02,19
2000,02,16
2000,02,13
2000,02,14
2000,02,15
2000,03,22
2000,03,20
2000,03,19
2000,03,22
2000,04,24
2000,04,22
2000,04,21
2000,04,20
2000,04,21
2000,04,20
2000,04,20
2000,04,21
2000,04,21
2000,04,23
2000,04,21
2000,04,21
2000,04,23
2000,04,22
2000,04,22
2000,04,19
2000,04,20
2000,04,22
2000,04,24
2000,04,27
2000,04,24
2000,04,24
2000,04,25
2000,04,22
2000,04,27
2000,05,27
2000,05,25
2000,05,25
2000,05,22
2000,05,23
2000,05,24
2000,05,24
2000,05,25
2000,05,25
2000,05,24
2000,05,24
2000,05,25
2000,05,25
2000,05,25
2000,05,27
2000,05,25
2000,05,26
2000,05,26
2000,05,22
2000,05,22
2000,05,25
2000,05,25
2000,05,25
2000,05,25
2000,05,26
2000,05,28
2000,05,28
2000,05,27
2000,05,28
2000,05,28
2000,05,28
2000,06,29
2000,06,33
2000,06,30
2000,06,23
2000,06,22
2000,06,23
2000,06,25
2000,06,24
2000,06,25
2000,06,25
2000,06,25
2000,06,26
2000,06,28
2000,06,27
2000,06,28
2000,06,29
2000,06,27
2000,06,28
2000,06,28
2000,06,27
2000,06,27
2000,06,28
2000,07,27
2000,07,28
2000,07,25
2000,07,27
2000,07,29
2000,07,28
2000,07,27
2000,07,28
2000,07,27
2000,07,27
2000,07,28
2000,07,28
2000,07,28
2000,07,29
2000,07,28
2000,07,27
2000,07,26
2000,07,26
2000,07,26
2000,07,26
2000,07,27
2000,07,27
2000,07,26
2000,07,28
2000,07,28
2000,07,29
2000,07,29
2000,07,29
2000,07,29
2000,07,29
2000,07,29
2000,08,26
2000,08,25
2000,08,25
2000,08,25
2000,08,26
2000,08,26
2000,08,26
2000,08,26
2000,08,27
2000,08,28
2000,08,29
2000,08,29
2000,08,26
2000,09,26
2000,09,26
2000,09,27
2000,09,27
2000,09,27
2000,09,27
2000,09,27
2000,09,27
2000,09,26
2000,09,24
2000,09,24
2000,09,26
2000,09,25
2000,09,25
2000,09,25
2000,09,25
2000,09,25
2000,09,26
2000,09,26
2000,09,25
2000,09,27
2000,09,26
2000,09,27
2000,09,26
2000,09,26
2000,09,27
2000,09,27
2000,09,27
2000,09,27
2000,09,26
2000,10,26
2000,10,26
2000,10,26
2000,10,26
2000,10,27
2000,10,27
2000,10,27
2000,10,26
2000,10,27
2000,10,27
2000,10,28
2000,10,26
2000,10,21
2000,10,20
2000,10,20
2000,10,21
2000,10,22
2000,10,24
2000,10,22
2000,10,24
2000,10,25
2000,10,26
2000,10,27
2000,10,25
2000,10,27
2000,10,27
2000,10,25
2000,10,25
2000,10,21
2000,10,19
2000,10,19
2000,11,19
2000,11,17
2000,11,16
2000,11,21
2000,11,21
2000,11,22
2000,11,22
2000,11,24
2000,11,23
2000,11,22
2000,11,17
2000,11,14
2000,11,13
2000,11,19
2000,11,21
2000,11,18
2000,11,17
2000,11,17
2000,11,19
2000,11,14
2000,11,14
2000,11,14
2000,11,16
2000,11,21
2000,11,21
2000,11,22
2000,11,21
2000,11,22
2000,11,20
2000,11,20
2000,12,20
2000,12,20
2000,12,17
2000,12,15
2000,12,17
2000,12,19
2000,12,19
2000,12,20
2000,12,19
2000,12,19
2000,12,19
2000,12,14
2000,12,11
2000,12,12
2000,12,14
2000,12,18
2000,12,20
2000,12,19
2000,12,21
2000,12,18
2000,12,12
2000,12,12
2000,12,12
2000,12,14
2000,12,15
2000,12,17
2000,12,19
2000,12,17
2000,12,17
2000,12,15
2000,12,13
2001,01,12
2001,01,16
2001,01,18
2001,01,18
2001,01,18
2001,01,19
2001,01,17
2001,01,17
2001,01,14
2001,01,12
2001,01,13
2001,01,17
2001,01,15
2001,01,13
2001,01,12
2001,01,13
2001,01,15
2001,01,16
2001,01,19
2001,01,17
2001,01,19
2001,01,19
2001,01,18
2001,01,18
2001,01,15
2001,01,11
2001,01,10
2001,01,10
2001,01,12
2001,01,15
2001,01,16
2001,02,14
2001,02,11
2001,02,13
2001,02,13
2001,02,15
2001,02,17
2001,02,17
2001,02,14
2001,02,14
2001,02,13
2001,02,14
2001,02,16
2001,02,15
2001,02,10
2001,02,12
2001,02,15
2001,02,15
2001,02,17
2001,02,16
2001,02,18
2001,02,19
2001,02,18
2001,02,18
2001,02,19
2001,02,12
2001,02,12
2001,02,17
2001,02,17
2001,03,14
2001,03,17
2001,03,18
2001,03,17
2001,03,17
2001,03,20
2001,03,19
2001,03,15
2001,03,15
2001,03,18
2001,03,17
2001,03,16
2001,03,17
2001,03,19
2001,03,20
2001,03,22
2001,03,22
2001,03,21
2001,03,20
2001,03,22
2001,03,20
2001,03,21
2001,03,23
2001,03,25
2001,03,21
2001,03,19
2001,03,20
2001,03,19
2001,03,18
2001,03,18
2001,03,21
2001,04,20
2001,04,21
2001,04,22
2001,04,19
2001,04,19
2001,04,20
2001,04,20
2001,04,23
2001,04,23
2001,04,22
2001,04,15
2001,04,15
2001,04,19
2001,04,20
2001,04,20
2001,04,21
2001,04,23
2001,04,23
2001,04,22
2001,04,25
2001,04,24
2001,04,21
2001,04,20
2001,04,21
2001,04,20
2001,04,21
2001,04,22
2001,04,24
2001,04,26
2001,04,26
2001,05,24
2001,05,24
2001,05,24
2001,05,24
2001,05,25
2001,05,27
2001,05,28
2001,05,27
2001,05,23
2001,05,23
2001,05,24
2001,05,24
2001,05,23
2001,05,25
2001,05,26
2001,05,26
2001,05,26
2001,05,25
2001,05,26
2001,05,27
2001,05,25
2001,05,26
2001,05,26
2001,05,26
2001,05,27
2001,05,27
2001,05,26
2001,05,27
2001,05,27
2001,05,25
2001,05,25
2001,06,26
2001,06,26
2001,06,26
2001,06,28
2001,06,25
2001,06,26
2001,06,24
2001,06,25
2001,06,25
2001,06,28
2001,06,24
2001,06,25
2001,06,24
2001,06,25
2001,06,26
2001,06,26
2001,06,27
2001,06,28
2001,06,28
2001,06,29
2001,06,29
2001,06,28
2001,06,27
2001,06,27
2001,06,26
2001,06,26
2001,06,25
2001,06,27
2001,06,28
2001,06,26
2001,07,27
2001,07,27
2001,07,28
2001,07,25
2001,07,27
2001,07,26
2001,07,28
2001,07,27
2001,07,27
2001,07,27
2001,07,28
2001,07,29
2001,07,25
2001,07,28
2001,07,24
2001,07,26
2001,07,24
2001,07,25
2001,07,27
2001,07,27
2001,07,25
2001,07,27
2001,07,27
2001,07,26
2001,07,26
2001,07,27
2001,07,27
2001,07,27
2001,07,27
2001,07,29
2001,07,29
2001,08,27
2001,08,25
2001,08,26
2001,08,27
2001,08,28
2001,08,28
2001,08,29
2001,08,29
2001,08,29
2001,08,29
2001,08,27
2001,08,27
2001,08,27
2001,08,28
2001,08,28
2001,08,26
2001,08,26
2001,08,28
2001,08,28
2001,08,27
2001,08,28
2001,08,28
2001,08,29
2001,08,29
2001,08,29
2001,08,29
2001,08,27
2001,08,27
2001,08,26
2001,08,26
2001,08,29
2001,09,26
2001,09,26
2001,09,26
2001,09,27
2001,09,25
2001,09,26
2001,09,26
2001,09,26
2001,09,27
2001,09,27
2001,09,27
2001,09,27
2001,09,26
2001,09,26
2001,09,26
2001,09,26
2001,09,27
2001,09,27
2001,09,28
2001,09,25
2001,09,26
2001,09,27
2001,09,27
2001,09,27
2001,09,28
2001,09,28
2001,09,27
2001,09,27
2001,09,26
2001,09,27
2001,10,27
2001,10,27
2001,10,27
2001,10,25
2001,10,25
2001,10,26
2001,10,26
2001,10,26
2001,10,25
2001,10,24
2001,10,25
2001,10,25
2001,10,25
2001,10,25
2001,10,24
2001,10,24
2001,10,24
2001,10,24
2001,10,25
2001,10,24
2001,10,24
2001,10,25
2001,10,25
2001,10,25
2001,10,25
2001,10,25
2001,10,24
2001,10,25
2001,10,21
2001,10,22
2001,10,24
2001,11,24
2001,11,25
2001,11,25
2001,11,25
2001,11,24
2001,11,21
2001,11,21
2001,11,21
2001,11,20
2001,11,19
2001,11,20
2001,11,20
2001,11,18
2001,11,14
2001,11,13
2001,11,13
2001,11,14
2001,11,16
2001,11,15
2001,11,16
2001,11,16
2001,11,15
2001,11,17
2001,11,16
2001,11,15
2001,11,19
2001,11,19
2001,11,20
2001,11,22
2001,11,21
2001,12,22
2001,12,22
2001,12,21
2001,12,22
2001,12,22
2001,12,18
2001,12,16
2001,12,18
2001,12,18
2001,12,18
2001,12,17
2001,12,20
2001,12,15
2001,12,12
2001,12,15
2001,12,19
2001,12,17
2001,12,13
2001,12,13
2001,12,15
2001,12,11
2001,12,8
2001,12,10
2001,12,10
2001,12,11
2001,12,13
2001,12,15
2001,12,13
2001,12,12
2001,12,12
2001,12,14
2002,01,16
2002,01,12
2002,01,12
2002,01,13
2002,01,15
2002,01,14
2002,01,17
2002,01,16
2002,01,15
2002,01,16
2002,01,17
2002,01,19
2002,01,20
2002,01,19
2002,01,20
2002,01,17
2002,01,18
2002,01,15
2002,01,12
2002,01,8
2002,01,11
2002,01,14
2002,01,16
2002,01,13
2002,01,12
2002,01,10
2002,01,10
2002,01,11
2002,01,14
2002,01,14
2002,02,12
2002,02,9
2002,02,15
2002,02,16
2002,02,14
2002,02,15
2002,02,17
2002,02,17
2002,02,17
2002,02,17
2002,02,15
2002,02,15
2002,02,15
2002,02,18
2002,02,17
2002,02,17
2002,02,17
2002,02,18
2002,02,18
2002,02,16
2002,02,17
2002,02,18
2002,02,18
2002,02,19
2002,02,18
2002,02,18
2002,02,20
2002,02,18
2002,03,21
2002,03,21
2002,03,19
2002,03,20
2002,03,17
2002,03,14
2002,03,15
2002,03,17
2002,03,20
2002,03,19
2002,03,20
2002,03,21
2002,03,22
2002,03,21
2002,03,23
2002,03,21
2002,03,20
2002,03,19
2002,03,20
2002,03,20
2002,03,20
2002,03,22
2002,03,20
2002,03,19
2002,03,20
2002,03,22
2002,03,22
2002,03,23
2002,03,21
2002,03,21
2002,03,22
2002,04,22
2002,04,23
2002,04,25
2002,04,24
2002,04,25
2002,04,23
2002,04,25
2002,04,25
2002,04,24
2002,04,20
2002,04,17
2002,04,17
2002,04,19
2002,04,21
2002,04,24
2002,04,25
2002,04,24
2002,04,24
2002,04,23
2002,04,24
2002,04,23
2002,04,24
2002,04,27
2002,04,25
2002,04,25
2002,04,23
2002,04,23
2002,04,24
2002,04,25
2002,04,26
2002,05,25
2002,05,26
2002,05,26
2002,05,26
2002,05,26
2002,05,26
2002,05,26
2002,05,26
2002,05,26
2002,05,26
2002,05,24
2002,05,27
2002,05,27
2002,05,24
2002,05,24
2002,05,24
2002,05,23
2002,05,24
2002,05,25
2002,05,26
2002,05,29
2002,05,26
2002,05,26
2002,05,26
2002,05,24
2002,05,24
2002,05,25
2002,05,26
2002,05,26
2002,05,25
2002,05,26
2002,06,26
2002,06,24
2002,06,27
2002,06,27
2002,06,27
2002,06,26
2002,06,27
2002,06,27
2002,06,25
2002,06,26
2002,06,25
2002,06,26
2002,06,28
2002,06,28
2002,06,29
2002,06,29
2002,06,28
2002,06,29
2002,06,29
2002,06,28
2002,06,29
2002,06,29
2002,06,28
2002,06,29
2002,06,29
2002,06,29
2002,06,29
2002,06,27
2002,06,29
2002,06,29
2002,07,28
2002,07,25
2002,07,27
2002,07,28
2002,07,27
2002,07,27
2002,07,27
2002,07,26
2002,07,27
2002,07,27
2002,07,28
2002,07,28
2002,07,29
2002,07,28
2002,07,29
2002,07,27
2002,07,27
2002,07,29
2002,07,29
2002,07,29
2002,07,28
2002,07,27
2002,07,27
2002,07,27
2002,07,28
2002,07,27
2002,07,27
2002,07,26
2002,07,24
2002,07,27
2002,07,26
2002,08,26
2002,08,24
2002,08,26
2002,08,27
2002,08,26
2002,08,25
2002,08,28
2002,08,26
2002,08,24
2002,08,25
2002,08,27
2002,08,27
2002,08,27
2002,08,27
2002,08,27
2002,08,28
2002,08,29
2002,08,26
2002,08,26
2002,08,27
2002,08,28
2002,08,26
2002,08,27
2002,08,27
2002,08,28
2002,08,28
2002,08,28
2002,08,27
2002,08,27
2002,08,29
2002,08,28
2002,09,27
2002,09,28
2002,09,26
2002,09,25
2002,09,26
2002,09,27
2002,09,27
2002,09,26
2002,09,25
2002,09,27
2002,09,25
2002,09,24
2002,09,26
2002,09,26
2002,09,24
2002,09,23
2002,09,23
2002,09,25
2002,09,27
2002,09,27
2002,09,27
2002,09,24
2002,09,25
2002,09,23
2002,09,24
2002,09,26
2002,09,26
2002,09,27
2002,09,25
2002,09,25
2002,10,24
2002,10,24
2002,10,26
2002,10,26
2002,10,26
2002,10,24
2002,10,24
2002,10,22
2002,10,20
2002,10,21
2002,10,23
2002,10,25
2002,10,26
2002,10,25
2002,10,24
2002,10,25
2002,10,26
2002,10,26
2002,10,26
2002,10,26
2002,10,22
2002,10,20
2002,10,19
2002,10,18
2002,10,22
2002,10,24
2002,10,22
2002,10,24
2002,10,25
2002,10,21
2002,10,21
2002,11,21
2002,11,20
2002,11,18
2002,11,18
2002,11,17
2002,11,20
2002,11,19
2002,11,20
2002,11,21
2002,11,21
2002,11,23
2002,11,22
2002,11,22
2002,11,23
2002,11,21
2002,11,18
2002,11,17
2002,11,19
2002,11,18
2002,11,19
2002,11,21
2002,11,17
2002,11,17
2002,11,18
2002,11,16
2002,11,16
2002,11,18
2002,11,15
2002,11,18
2002,11,20
2002,12,20
2002,12,21
2002,12,22
2002,12,21
2002,12,23
2002,12,23
2002,12,24
2002,12,12
2002,12,10
2002,12,13
2002,12,13
2002,12,12
2002,12,12
2002,12,16
2002,12,18
2002,12,20
2002,12,20
2002,12,21
2002,12,20
2002,12,18
2002,12,17
2002,12,16
2002,12,17
2002,12,16
2002,12,15
2002,12,7
2002,12,6
2002,12,7
2002,12,11
2002,12,13
2002,12,12
2003,01,14
2003,01,16
2003,01,11
2003,01,11
2003,01,13
2003,01,7
2003,01,8
2003,01,8
2003,01,10
2003,01,12
2003,01,11
2003,01,10
2003,01,10
2003,01,12
2003,01,16
2003,01,15
2003,01,13
2003,01,14
2003,01,14
2003,01,17
2003,01,16
2003,01,14
2003,01,17
2003,01,16
2003,01,17
2003,01,19
2003,01,12
2003,01,11
2003,01,12
2003,01,16
2003,01,17
2003,02,16
2003,02,14
2003,02,14
2003,02,12
2003,02,12
2003,02,13
2003,02,16
2003,02,16
2003,02,18
2003,02,18
2003,02,17
2003,02,14
2003,02,14
2003,02,17
2003,02,19
2003,02,20
2003,02,18
2003,02,18
2003,02,18
2003,02,17
2003,02,18
2003,02,20
2003,02,19
2003,02,20
2003,02,18
2003,02,20
2003,02,19
2003,02,20
2003,03,20
2003,03,21
2003,03,22
2003,03,19
2003,03,18
2003,03,12
2003,03,10
2003,03,12
2003,03,15
2003,03,13
2003,03,15
2003,03,17
2003,03,18
2003,03,17
2003,03,20
2003,03,21
2003,03,22
2003,03,19
2003,03,16
2003,03,14
2003,03,14
2003,03,17
2003,03,18
2003,03,17
2003,03,18
2003,03,20
2003,03,21
2003,03,20
2003,03,20
2003,03,21
2003,03,22
2003,04,24
2003,04,26
2003,04,24
2003,04,21
2003,04,19
2003,04,19
2003,04,20
2003,04,20
2003,04,19
2003,04,19
2003,04,22
2003,04,26
2003,04,26
2003,04,21
2003,04,21
2003,04,21
2003,04,22
2003,04,24
2003,04,25
2003,04,24
2003,04,25
2003,04,23
2003,04,23
2003,04,24
2003,04,26
2003,04,25
2003,04,24
2003,04,24
2003,04,25
2003,04,24
2003,05,23
2003,05,24
2003,05,24
2003,05,23
2003,05,22
2003,05,28
2003,05,28
2003,05,28
2003,05,26
2003,05,25
2003,05,25
2003,05,26
2003,05,26
2003,05,27
2003,05,27
2003,05,29
2003,05,29
2003,05,24
2003,05,23
2003,05,26
2003,05,27
2003,05,27
2003,05,27
2003,05,27
2003,05,26
2003,05,27
2003,05,27
2003,05,26
2003,05,25
2003,05,27
2003,05,26
2003,06,26
2003,06,25
2003,06,25
2003,06,27
2003,06,26
2003,06,27
2003,06,25
2003,06,26
2003,06,26
2003,06,25
2003,06,24
2003,06,25
2003,06,24
2003,06,25
2003,06,25
2003,06,25
2003,06,26
2003,06,26
2003,06,27
2003,06,27
2003,06,26
2003,06,27
2003,06,28
2003,06,28
2003,06,29
2003,06,29
2003,06,29
2003,06,26
2003,06,29
2003,06,27
2003,07,28
2003,07,28
2003,07,27
2003,07,27
2003,07,28
2003,07,28
2003,07,29
2003,07,29
2003,07,29
2003,07,28
2003,07,27
2003,07,28
2003,07,29
2003,07,29
2003,07,29
2003,07,29
2003,07,29
2003,07,29
2003,07,28
2003,07,29
2003,07,27
2003,07,28
2003,07,27
2003,07,27
2003,07,27
2003,07,28
2003,07,27
2003,07,28
2003,07,27
2003,07,27
2003,07,28
2003,08,28
2003,08,29
2003,08,28
2003,08,25
2003,08,26
2003,08,27
2003,08,28
2003,08,28
2003,08,29
2003,08,28
2003,08,29
2003,08,27
2003,08,28
2003,08,28
2003,08,29
2003,08,27
2003,08,27
2003,08,27
2003,08,27
2003,08,26
2003,08,25
2003,08,25
2003,08,28
2003,08,26
2003,08,26
2003,08,28
2003,08,28
2003,08,26
2003,08,26
2003,08,27
2003,08,27
2003,09,28
2003,09,25
2003,09,25
2003,09,27
2003,09,27
2003,09,26
2003,09,26
2003,09,26
2003,09,27
2003,09,26
2003,09,27
2003,09,27
2003,09,28
2003,09,26
2003,09,25
2003,09,27
2003,09,27
2003,09,26
2003,09,28
2003,09,27
2003,09,27
2003,09,23
2003,09,24
2003,09,25
2003,09,26
2003,09,27
2003,09,27
2003,09,27
2003,09,28
2003,09,27
2003,10,27
2003,10,26
2003,10,27
2003,10,25
2003,10,25
2003,10,25
2003,10,23
2003,10,24
2003,10,27
2003,10,27
2003,10,26
2003,10,26
2003,10,24
2003,10,21
2003,10,20
2003,10,22
2003,10,23
2003,10,22
2003,10,23
2003,10,23
2003,10,21
2003,10,22
2003,10,22
2003,10,22
2003,10,21
2003,10,23
2003,10,23
2003,10,22
2003,10,24
2003,10,23
2003,10,22
2003,11,21
2003,11,22
2003,11,23
2003,11,24
2003,11,23
2003,11,22
2003,11,24
2003,11,24
2003,11,22
2003,11,17
2003,11,16
2003,11,14
2003,11,16
2003,11,22
2003,11,20
2003,11,24
2003,11,21
2003,11,22
2003,11,23
2003,11,24
2003,11,19
2003,11,18
2003,11,19
2003,11,20
2003,11,20
2003,11,20
2003,11,19
2003,11,16
2003,11,14
2003,11,13
2003,12,15
2003,12,15
2003,12,16
2003,12,18
2003,12,19
2003,12,20
2003,12,17
2003,12,16
2003,12,17
2003,12,15
2003,12,15
2003,12,13
2003,12,12
2003,12,13
2003,12,13
2003,12,14
2003,12,14
2003,12,15
2003,12,12
2003,12,10
2003,12,11
2003,12,13
2003,12,14
2003,12,15
2003,12,15
2003,12,17
2003,12,13
2003,12,13
2003,12,14
2003,12,16
2003,12,15
2004,01,17
2004,01,17
2004,01,17
2004,01,18
2004,01,19
2004,01,17
2004,01,17
2004,01,18
2004,01,18
2004,01,19
2004,01,16
2004,01,14
2004,01,10
2004,01,15
2004,01,16
2004,01,16
2004,01,12
2004,01,14
2004,01,9
2004,01,8
2004,01,7
2004,01,8
2004,01,8
2004,01,9
2004,01,8
2004,01,12
2004,01,12
2004,01,11
2004,01,12
2004,01,14
2004,01,16
2004,02,18
2004,02,15
2004,02,10
2004,02,8
2004,02,7
2004,02,11
2004,02,9
2004,02,8
2004,02,7
2004,02,10
2004,02,15
2004,02,15
2004,02,15
2004,02,13
2004,02,17
2004,02,18
2004,02,19
2004,02,17
2004,02,18
2004,02,19
2004,02,20
2004,02,19
2004,02,19
2004,02,18
2004,02,19
2004,02,19
2004,02,19
2004,02,20
2004,02,21
2004,03,24
2004,03,14
2004,03,13
2004,03,13
2004,03,16
2004,03,18
2004,03,17
2004,03,15
2004,03,15
2004,03,17
2004,03,21
2004,03,21
2004,03,20
2004,03,20
2004,03,20
2004,03,19
2004,03,21
2004,03,20
2004,03,18
2004,03,19
2004,03,19
2004,03,18
2004,03,18
2004,03,19
2004,03,18
2004,03,15
2004,03,14
2004,03,16
2004,03,19
2004,03,19
2004,03,19
2004,04,20
2004,04,19
2004,04,18
2004,04,19
2004,04,19
2004,04,21
2004,04,22
2004,04,18
2004,04,18
2004,04,20
2004,04,22
2004,04,23
2004,04,24
2004,04,22
2004,04,21
2004,04,22
2004,04,22
2004,04,22
2004,04,22
2004,04,23
2004,04,25
2004,04,26
2004,04,26
2004,04,23
2004,04,22
2004,04,24
2004,04,24
2004,04,23
2004,04,23
2004,04,24
2004,05,25
2004,05,26
2004,05,26
2004,05,22
2004,05,19
2004,05,23
2004,05,24
2004,05,23
2004,05,23
2004,05,24
2004,05,27
2004,05,27
2004,05,28
2004,05,23
2004,05,26
2004,05,26
2004,05,25
2004,05,25
2004,05,24
2004,05,23
2004,05,21
2004,05,23
2004,05,23
2004,05,24
2004,05,25
2004,05,26
2004,05,28
2004,05,26
2004,05,26
2004,05,26
2004,05,27
2004,06,26
2004,06,27
2004,06,27
2004,06,27
2004,06,27
2004,06,26
2004,06,25
2004,06,26
2004,06,25
2004,06,26
2004,06,27
2004,06,27
2004,06,27
2004,06,26
2004,06,27
2004,06,28
2004,06,28
2004,06,28
2004,06,29
2004,06,27
2004,06,26
2004,06,29
2004,06,30
2004,06,29
2004,06,29
2004,06,29
2004,06,29
2004,06,28
2004,06,30
2004,06,29
2004,07,30
2004,07,30
2004,07,29
2004,07,26
2004,07,29
2004,07,29
2004,07,29
2004,07,29
2004,07,29
2004,07,25
2004,07,27
2004,07,25
2004,07,26
2004,07,26
2004,07,27
2004,07,24
2004,07,25
2004,07,26
2004,07,26
2004,07,26
2004,07,26
2004,07,26
2004,07,28
2004,07,26
2004,07,27
2004,07,27
2004,07,27
2004,07,27
2004,07,25
2004,07,27
2004,07,27
2004,08,26
2004,08,27
2004,08,28
2004,08,28
2004,08,26
2004,08,26
2004,08,27
2004,08,27
2004,08,28
2004,08,29
2004,08,25
2004,08,27
2004,08,27
2004,08,26
2004,08,29
2004,08,28
2004,08,28
2004,08,30
2004,08,29
2004,08,26
2004,08,26
2004,08,27
2004,08,26
2004,08,28
2004,08,29
2004,08,26
2004,08,25
2004,08,26
2004,08,26
2004,08,26
2004,08,26
2004,09,28
2004,09,28
2004,09,28
2004,09,28
2004,09,27
2004,09,25
2004,09,27
2004,09,27
2004,09,24
2004,09,24
2004,09,25
2004,09,25
2004,09,25
2004,09,25
2004,09,26
2004,09,25
2004,09,27
2004,09,27
2004,09,26
2004,09,26
2004,09,24
2004,09,26
2004,09,25
2004,09,27
2004,09,27
2004,09,25
2004,09,25
2004,09,26
2004,09,26
2004,09,27
2004,10,26
2004,10,23
2004,10,21
2004,10,20
2004,10,21
2004,10,23
2004,10,23
2004,10,23
2004,10,23
2004,10,23
2004,10,23
2004,10,23
2004,10,24
2004,10,24
2004,10,24
2004,10,22
2004,10,22
2004,10,22
2004,10,23
2004,10,22
2004,10,24
2004,10,23
2004,10,23
2004,10,22
2004,10,21
2004,10,24
2004,10,21
2004,10,22
2004,10,22
2004,10,23
2004,10,22
2004,11,22
2004,11,21
2004,11,23
2004,11,22
2004,11,23
2004,11,22
2004,11,23
2004,11,23
2004,11,24
2004,11,24
2004,11,25
2004,11,24
2004,11,24
2004,11,24
2004,11,19
2004,11,17
2004,11,18
2004,11,17
2004,11,17
2004,11,17
2004,11,19
2004,11,19
2004,11,20
2004,11,21
2004,11,22
2004,11,18
2004,11,16
2004,11,16
2004,11,18
2004,11,18
2004,12,20
2004,12,19
2004,12,20
2004,12,19
2004,12,16
2004,12,18
2004,12,18
2004,12,15
2004,12,15
2004,12,16
2004,12,18
2004,12,16
2004,12,15
2004,12,17
2004,12,18
2004,12,19
2004,12,19
2004,12,17
2004,12,19
2004,12,17
2004,12,19
2004,12,19
2004,12,19
2004,12,17
2004,12,17
2004,12,19
2004,12,16
2004,12,9
2004,12,7
2004,12,8
2004,12,7
2005,01,5
2005,01,10
2005,01,10
2005,01,14
2005,01,15
2005,01,14
2005,01,16
2005,01,17
2005,01,13
2005,01,11
2005,01,15
2005,01,13
2005,01,9
2005,01,6
2005,01,9
2005,01,9
2005,01,11
2005,01,14
2005,01,16
2005,01,14
2005,01,14
2005,01,16
2005,01,15
2005,01,18
2005,01,19
2005,01,17
2005,01,17
2005,01,16
2005,01,16
2005,01,13
2005,01,12
2005,02,10
2005,02,10
2005,02,12
2005,02,15
2005,02,19
2005,02,19
2005,02,19
2005,02,17
2005,02,19
2005,02,17
2005,02,14
2005,02,16
2005,02,16
2005,02,16
2005,02,19
2005,02,22
2005,02,17
2005,02,11
2005,02,10
2005,02,8
2005,02,8
2005,02,9
2005,02,12
2005,02,16
2005,02,17
2005,02,14
2005,02,14
2005,02,11
2005,03,12
2005,03,12
2005,03,11
2005,03,11
2005,03,9
2005,03,12
2005,03,13
2005,03,15
2005,03,18
2005,03,20
2005,03,21
2005,03,9
2005,03,9
2005,03,10
2005,03,13
2005,03,17
2005,03,18
2005,03,17
2005,03,15
2005,03,16
2005,03,19
2005,03,20
2005,03,17
2005,03,16
2005,03,17
2005,03,16
2005,03,19
2005,03,21
2005,03,18
2005,03,17
2005,03,17
2005,04,18
2005,04,18
2005,04,19
2005,04,19
2005,04,19
2005,04,20
2005,04,20
2005,04,23
2005,04,24
2005,04,24
2005,04,24
2005,04,16
2005,04,14
2005,04,17
2005,04,20
2005,04,21
2005,04,20
2005,04,21
2005,04,22
2005,04,23
2005,04,23
2005,04,22
2005,04,24
2005,04,24
2005,04,25
2005,04,23
2005,04,19
2005,04,23
2005,04,27
2005,04,27
2005,05,19
2005,05,27
2005,05,27
2005,05,27
2005,05,19
2005,05,20
2005,05,24
2005,05,23
2005,05,22
2005,05,24
2005,05,24
2005,05,25
2005,05,14
2005,05,28
2005,05,29
2005,05,29
2005,05,28
2005,05,28
2005,05,26
2005,05,26
2005,05,27
2005,05,19
2005,05,26
2005,05,24
2005,05,26
2005,05,17
2005,05,24
2005,05,25
2005,05,19
2005,05,25
2005,05,25
2005,06,19
2005,06,28
2005,06,26
2005,06,26
2005,06,22
2005,06,25
2005,06,24
2005,06,26
2005,06,25
2005,06,25
2005,06,28
2005,06,27
2005,06,26
2005,06,25
2005,06,25
2005,06,25
2005,06,26
2005,06,28
2005,06,29
2005,06,29
2005,06,25
2005,06,24
2005,06,25
2005,06,25
2005,06,28
2005,06,27
2005,06,28
2005,06,28
2005,06,25
2005,06,25
2005,07,25
2005,07,27
2005,07,27
2005,07,28
2005,07,28
2005,07,27
2005,07,26
2005,07,27
2005,07,25
2005,07,28
2005,07,28
2005,07,28
2005,07,27
2005,07,29
2005,07,28
2005,07,27
2005,07,28
2005,07,30
2005,07,31
2005,07,26
2005,07,27
2005,07,25
2005,07,27
2005,07,26
2005,07,27
2005,07,26
2005,07,28
2005,07,28
2005,07,26
2005,07,27
2005,07,27
2005,08,28
2005,08,27
2005,08,28
2005,08,28
2005,08,28
2005,08,27
2005,08,29
2005,08,28
2005,08,27
2005,08,27
2005,08,27
2005,08,27
2005,08,24
2005,08,27
2005,08,27
2005,08,25
2005,08,26
2005,08,26
2005,08,25
2005,08,24
2005,08,27
2005,08,28
2005,08,27
2005,08,25
2005,08,27
2005,08,27
2005,08,27
2005,08,28
2005,08,27
2005,08,28
2005,08,26
2005,09,29
2005,09,29
2005,09,26
2005,09,26
2005,09,27
2005,09,27
2005,09,28
2005,09,28
2005,09,26
2005,09,26
2005,09,26
2005,09,28
2005,09,28
2005,09,28
2005,09,29
2005,09,29
2005,09,26
2005,09,26
2005,09,28
2005,09,27
2005,09,27
2005,09,29
2005,09,27
2005,09,25
2005,09,24
2005,09,25
2005,09,26
2005,09,27
2005,09,27
2005,09,25
2005,10,26
2005,10,27
2005,10,29
2005,10,26
2005,10,26
2005,10,26
2005,10,28
2005,10,26
2005,10,25
2005,10,25
2005,10,26
2005,10,26
2005,10,26
2005,10,25
2005,10,26
2005,10,24
2005,10,25
2005,10,26
2005,10,24
2005,10,24
2005,10,25
2005,10,24
2005,10,21
2005,10,20
2005,10,23
2005,10,23
2005,10,25
2005,10,24
2005,10,22
2005,10,21
2005,10,20
2005,11,22
2005,11,24
2005,11,25
2005,11,24
2005,11,25
2005,11,24
2005,11,25
2005,11,26
2005,11,25
2005,11,25
2005,11,24
2005,11,25
2005,11,26
2005,11,25
2005,11,21
2005,11,19
2005,11,18
2005,11,19
2005,11,17
2005,11,15
2005,11,16
2005,11,16
2005,11,21
2005,12,20
2005,12,20
2005,12,22
2005,12,17
2005,12,12
2005,12,10
2005,12,11
2005,12,15
2005,12,18
2005,12,19
2005,12,17
2005,12,14
2005,12,13
2005,12,13
2005,12,12
2005,12,12
2005,12,14
2005,12,11
2005,12,12
2005,12,14
2005,12,13
2005,12,10
2005,12,10
2005,12,14
2005,12,18
2005,12,17
2005,12,16
2005,12,16
2005,12,16
2005,12,16
2005,12,17
2006,01,19
2006,01,17
2006,01,17
2006,01,18
2006,01,13
2006,01,10
2006,01,8
2006,01,11
2006,01,10
2006,01,14
2006,01,16
2006,01,18
2006,01,16
2006,01,18
2006,01,17
2006,01,19
2006,01,19
2006,01,19
2006,01,20
2006,01,13
2006,01,11
2006,01,11
2006,01,10
2006,01,10
2006,01,14
2006,01,12
2006,01,13
2006,01,14
2006,01,16
2006,01,19
2006,01,18
2006,02,19
2006,02,17
2006,02,18
2006,02,16
2006,02,15
2006,02,15
2006,02,17
2006,02,16
2006,02,16
2006,02,14
2006,02,16
2006,02,17
2006,02,17
2006,02,19
2006,02,20
2006,02,20
2006,02,17
2006,02,12
2006,02,12
2006,02,15
2006,02,17
2006,02,20
2006,02,18
2006,02,18
2006,02,17
2006,02,17
2006,02,15
2006,02,10
2006,03,9
2006,03,10
2006,03,10
2006,03,15
2006,03,16
2006,03,17
2006,03,18
2006,03,19
2006,03,19
2006,03,19
2006,03,21
2006,03,14
2006,03,9
2006,03,9
2006,03,14
2006,03,16
2006,03,19
2006,03,21
2006,03,20
2006,03,18
2006,03,19
2006,03,21
2006,03,21
2006,03,18
2006,03,18
2006,03,19
2006,03,18
2006,03,17
2006,03,19
2006,03,20
2006,03,22
2006,04,22
2006,04,23
2006,04,23
2006,04,24
2006,04,25
2006,04,23
2006,04,21
2006,04,21
2006,04,24
2006,04,27
2006,04,27
2006,04,27
2006,04,18
2006,04,17
2006,04,15
2006,04,15
2006,04,19
2006,04,22
2006,04,23
2006,04,23
2006,04,23
2006,04,25
2006,04,26
2006,04,25
2006,04,24
2006,04,26
2006,04,27
2006,04,22
2006,04,21
2006,04,24
2006,05,26
2006,05,25
2006,05,23
2006,05,24
2006,05,26
2006,05,27
2006,05,28
2006,05,28
2006,05,27
2006,05,28
2006,05,27
2006,05,25
2006,05,23
2006,05,20
2006,05,23
2006,05,22
2006,05,21
2006,05,23
2006,05,22
2006,05,24
2006,05,24
2006,05,25
2006,05,25
2006,05,25
2006,05,26
2006,05,27
2006,05,27
2006,05,24
2006,05,23
2006,05,23
2006,05,24
2006,06,25
2006,06,25
2006,06,27
2006,06,28
2006,06,29
2006,06,28
2006,06,29
2006,06,28
2006,06,25
2006,06,23
2006,06,23
2006,06,24
2006,06,25
2006,06,28
2006,06,28
2006,06,28
2006,06,28
2006,06,28
2006,06,26
2006,06,26
2006,06,27
2006,06,28
2006,06,27
2006,06,28
2006,06,28
2006,06,28
2006,06,28
2006,06,26
2006,06,26
2006,06,27
2006,07,29
2006,07,29
2006,07,28
2006,07,28
2006,07,27
2006,07,29
2006,07,30
2006,07,29
2006,07,26
2006,07,29
2006,07,27
2006,07,28
2006,07,29
2006,07,30
2006,07,29
2006,07,26
2006,07,29
2006,07,29
2006,07,28
2006,07,27
2006,07,27
2006,07,28
2006,07,28
2006,07,28
2006,07,31
2006,07,26
2006,07,25
2006,07,25
2006,07,25
2006,07,26
2006,07,27
2006,08,27
2006,08,25
2006,08,25
2006,08,27
2006,08,26
2006,08,25
2006,08,26
2006,08,26
2006,08,27
2006,08,25
2006,08,27
2006,08,28
2006,08,28
2006,08,28
2006,08,28
2006,08,28
2006,08,28
2006,08,29
2006,08,25
2006,08,27
2006,08,27
2006,08,27
2006,08,25
2006,08,26
2006,08,26
2006,08,26
2006,08,27
2006,08,28
2006,08,28
2006,08,28
2006,08,28
2006,09,28
2006,09,29
2006,09,28
2006,09,26
2006,09,28
2006,09,26
2006,09,27
2006,09,27
2006,09,25
2006,09,22
2006,09,22
2006,09,20
2006,09,22
2006,09,25
2006,09,25
2006,09,26
2006,09,25
2006,09,24
2006,09,25
2006,09,25
2006,09,24
2006,09,26
2006,09,26
2006,09,25
2006,09,26
2006,09,25
2006,09,25
2006,09,25
2006,09,26
2006,09,26
2006,10,27
2006,10,26
2006,10,26
2006,10,25
2006,10,25
2006,10,24
2006,10,24
2006,10,25
2006,10,25
2006,10,24
2006,10,25
2006,10,25
2006,10,26
2006,10,25
2006,10,26
2006,10,23
2006,10,26
2006,10,26
2006,10,26
2006,10,24
2006,10,25
2006,10,25
2006,10,25
2006,10,26
2006,10,26
2006,10,25
2006,10,24
2006,10,23
2006,10,24
2006,10,24
2006,10,24
2006,11,24
2006,11,22
2006,11,22
2006,11,20
2006,11,21
2006,11,21
2006,11,20
2006,11,22
2006,11,22
2006,11,22
2006,11,23
2006,11,20
2006,11,21
2006,11,24
2006,11,21
2006,11,21
2006,11,23
2006,11,24
2006,11,23
2006,11,22
2006,11,20
2006,11,20
2006,11,21
2006,11,21
2006,11,23
2006,11,24
2006,11,19
2006,11,18
2006,11,20
2006,11,19
2006,12,17
2006,12,15
2006,12,17
2006,12,17
2006,12,18
2006,12,20
2006,12,21
2006,12,22
2006,12,19
2006,12,16
2006,12,17
2006,12,19
2006,12,17
2006,12,15
2006,12,14
2006,12,15
2006,12,13
2006,12,12
2006,12,13
2006,12,14
2006,12,15
2006,12,13
2006,12,15
2006,12,17
2006,12,14
2006,12,15
2006,12,14
2006,12,15
2006,12,13
2006,12,14
2006,12,15
2007,01,17
2007,01,19
2007,01,19
2007,01,15
2007,01,13
2007,01,12
2007,01,11
2007,01,11
2007,01,11
2007,01,14
2007,01,17
2007,01,16
2007,01,15
2007,01,15
2007,01,17
2007,01,19
2007,01,14
2007,01,13
2007,01,15
2007,01,16
2007,01,14
2007,01,14
2007,01,14
2007,01,12
2007,01,13
2007,01,12
2007,01,11
2007,01,14
2007,01,10
2007,01,11
2007,01,13
2007,02,14
2007,02,11
2007,02,14
2007,02,14
2007,02,17
2007,02,17
2007,02,19
2007,02,20
2007,02,20
2007,02,20
2007,02,19
2007,02,18
2007,02,20
2007,02,20
2007,02,19
2007,02,19
2007,02,22
2007,02,20
2007,02,19
2007,02,19
2007,02,19
2007,02,19
2007,02,18
2007,02,19
2007,02,18
2007,02,19
2007,02,17
2007,02,19
2007,03,19
2007,03,20
2007,03,21
2007,03,21
2007,03,19
2007,03,13
2007,03,11
2007,03,12
2007,03,13
2007,03,17
2007,03,17
2007,03,17
2007,03,19
2007,03,21
2007,03,22
2007,03,24
2007,03,18
2007,03,18
2007,03,15
2007,03,14
2007,03,18
2007,03,19
2007,03,20
2007,03,21
2007,03,22
2007,03,22
2007,03,23
2007,03,22
2007,03,22
2007,03,23
2007,03,25
2007,04,25
2007,04,18
2007,04,14
2007,04,12
2007,04,15
2007,04,16
2007,04,16
2007,04,17
2007,04,19
2007,04,18
2007,04,18
2007,04,19
2007,04,19
2007,04,21
2007,04,22
2007,04,23
2007,04,21
2007,04,18
2007,04,21
2007,04,21
2007,04,24
2007,04,25
2007,04,24
2007,04,22
2007,04,20
2007,04,21
2007,04,23
2007,04,23
2007,04,23
2007,04,23
2007,05,23
2007,05,22
2007,05,22
2007,05,23
2007,05,24
2007,05,24
2007,05,21
2007,05,24
2007,05,25
2007,05,26
2007,05,25
2007,05,26
2007,05,25
2007,05,25
2007,05,24
2007,05,26
2007,05,26
2007,05,24
2007,05,24
2007,05,22
2007,05,23
2007,05,25
2007,05,27
2007,05,28
2007,05,29
2007,05,29
2007,05,25
2007,05,26
2007,05,27
2007,05,28
2007,05,26
2007,06,29
2007,06,28
2007,06,29
2007,06,29
2007,06,29
2007,06,29
2007,06,27
2007,06,25
2007,06,27
2007,06,23
2007,06,27
2007,06,27
2007,06,26
2007,06,25
2007,06,25
2007,06,27
2007,06,27
2007,06,27
2007,06,27
2007,06,27
2007,06,28
2007,06,29
2007,06,28
2007,06,29
2007,06,29
2007,06,27
2007,06,27
2007,06,25
2007,06,25
2007,06,25
2007,07,26
2007,07,26
2007,07,27
2007,07,28
2007,07,28
2007,07,28
2007,07,28
2007,07,28
2007,07,28
2007,07,29
2007,07,29
2007,07,29
2007,07,29
2007,07,30
2007,07,29
2007,07,28
2007,07,28
2007,07,29
2007,07,29
2007,07,29
2007,07,29
2007,07,29
2007,07,29
2007,07,29
2007,07,29
2007,07,28
2007,07,28
2007,07,29
2007,07,25
2007,07,28
2007,07,28
2007,08,29
2007,08,29
2007,08,28
2007,08,29
2007,08,29
2007,08,26
2007,08,27
2007,08,26
2007,08,26
2007,08,26
2007,08,26
2007,08,27
2007,08,26
2007,08,26
2007,08,26
2007,08,26
2007,08,26
2007,08,25
2007,08,27
2007,08,28
2007,08,28
2007,08,26
2007,08,28
2007,08,27
2007,08,25
2007,08,26
2007,08,26
2007,08,28
2007,08,27
2007,08,27
2007,08,27
2007,09,27
2007,09,27
2007,09,27
2007,09,26
2007,09,26
2007,09,25
2007,09,25
2007,09,27
2007,09,28
2007,09,28
2007,09,27
2007,09,26
2007,09,27
2007,09,26
2007,09,27
2007,09,28
2007,09,27
2007,09,27
2007,09,26
2007,09,27
2007,09,26
2007,09,27
2007,09,25
2007,09,25
2007,09,26
2007,09,27
2007,09,26
2007,09,27
2007,09,27
2007,09,27
2007,10,28
2007,10,26
2007,10,26
2007,10,27
2007,10,26
2007,10,27
2007,10,28
2007,10,28
2007,10,24
2007,10,24
2007,10,25
2007,10,25
2007,10,25
2007,10,25
2007,10,24
2007,10,23
2007,10,23
2007,10,24
2007,10,23
2007,10,21
2007,10,23
2007,10,23
2007,10,24
2007,10,24
2007,10,25
2007,10,23
2007,10,25
2007,10,24
2007,10,24
2007,10,21
2007,10,21
2007,11,18
2007,11,16
2007,11,19
2007,11,19
2007,11,20
2007,11,21
2007,11,22
2007,11,18
2007,11,20
2007,11,20
2007,11,21
2007,11,20
2007,11,20
2007,11,20
2007,11,21
2007,11,22
2007,11,22
2007,11,21
2007,11,19
2007,11,17
2007,11,19
2007,11,20
2007,11,19
2007,11,20
2007,11,20
2007,11,21
2007,11,17
2007,11,14
2007,11,12
2007,11,13
2007,12,17
2007,12,19
2007,12,18
2007,12,17
2007,12,18
2007,12,18
2007,12,18
2007,12,16
2007,12,18
2007,12,20
2007,12,18
2007,12,21
2007,12,19
2007,12,18
2007,12,19
2007,12,19
2007,12,20
2007,12,20
2007,12,19
2007,12,19
2007,12,20
2007,12,20
2007,12,17
2007,12,16
2007,12,15
2007,12,15
2007,12,16
2007,12,18
2007,12,16
2007,12,14
2007,12,12
2008,01,10
2008,01,10
2008,01,11
2008,01,14
2008,01,13
2008,01,17
2008,01,16
2008,01,19
2008,01,20
2008,01,21
2008,01,21
2008,01,19
2008,01,16
2008,01,11
2008,01,13
2008,01,11
2008,01,10
2008,01,10
2008,01,16
2008,01,17
2008,01,15
2008,01,14
2008,01,14
2008,01,11
2008,01,11
2008,01,10
2008,01,9
2008,01,9
2008,01,10
2008,01,8
2008,01,7
2008,02,8
2008,02,7
2008,02,7
2008,02,9
2008,02,11
2008,02,9
2008,02,8
2008,02,9
2008,02,8
2008,02,11
2008,02,8
2008,02,8
2008,02,10
2008,02,12
2008,02,11
2008,02,12
2008,02,13
2008,02,13
2008,02,14
2008,02,13
2008,02,14
2008,02,17
2008,02,17
2008,02,15
2008,02,14
2008,02,13
2008,02,10
2008,02,11
2008,02,14
2008,03,11
2008,03,14
2008,03,14
2008,03,15
2008,03,16
2008,03,16
2008,03,18
2008,03,17
2008,03,16
2008,03,18
2008,03,17
2008,03,18
2008,03,19
2008,03,20
2008,03,19
2008,03,19
2008,03,21
2008,03,21
2008,03,20
2008,03,20
2008,03,20
2008,03,20
2008,03,19
2008,03,19
2008,03,19
2008,03,16
2008,03,16
2008,03,22
2008,03,24
2008,03,21
2008,03,19
2008,04,18
2008,04,18
2008,04,17
2008,04,19
2008,04,22
2008,04,21
2008,04,22
2008,04,26
2008,04,26
2008,04,25
2008,04,23
2008,04,23
2008,04,23
2008,04,23
2008,04,23
2008,04,24
2008,04,24
2008,04,23
2008,04,22
2008,04,26
2008,04,26
2008,04,24
2008,04,21
2008,04,20
2008,04,21
2008,04,20
2008,04,23
2008,04,20
2008,04,22
2008,04,23
2008,05,24
2008,05,23
2008,05,24
2008,05,25
2008,05,23
2008,05,22
2008,05,23
2008,05,26
2008,05,26
2008,05,21
2008,05,20
2008,05,23
2008,05,23
2008,05,23
2008,05,23
2008,05,24
2008,05,25
2008,05,24
2008,05,22
2008,05,21
2008,05,22
2008,05,24
2008,05,26
2008,05,26
2008,05,26
2008,05,27
2008,05,28
2008,05,28
2008,05,25
2008,05,26
2008,05,26
2008,06,25
2008,06,25
2008,06,24
2008,06,25
2008,06,24
2008,06,24
2008,06,24
2008,06,27
2008,06,27
2008,06,28
2008,06,25
2008,06,26
2008,06,24
2008,06,24
2008,06,24
2008,06,25
2008,06,25
2008,06,24
2008,06,26
2008,06,27
2008,06,27
2008,06,26
2008,06,27
2008,06,27
2008,06,25
2008,06,25
2008,06,26
2008,06,24
2008,06,25
2008,06,26
2008,07,28
2008,07,27
2008,07,28
2008,07,27
2008,07,27
2008,07,24
2008,07,25
2008,07,26
2008,07,25
2008,07,24
2008,07,26
2008,07,25
2008,07,25
2008,07,26
2008,07,25
2008,07,26
2008,07,27
2008,07,28
2008,07,29
2008,07,29
2008,07,28
2008,07,28
2008,07,29
2008,07,28
2008,07,27
2008,07,28
2008,07,25
2008,07,29
2008,07,30
2008,07,29
2008,07,26
2008,08,27
2008,08,28
2008,08,27
2008,08,27
2008,08,27
2008,08,25
2008,08,24
2008,08,26
2008,08,25
2008,08,26
2008,08,25
2008,08,26
2008,08,27
2008,08,28
2008,08,28
2008,08,28
2008,08,29
2008,08,28
2008,08,28
2008,08,27
2008,08,30
2008,08,24
2008,08,24
2008,08,26
2008,08,28
2008,08,26
2008,08,26
2008,08,27
2008,08,27
2008,08,28
2008,08,26
2008,09,28
2008,09,26
2008,09,26
2008,09,28
2008,09,27
2008,09,25
2008,09,26
2008,09,27
2008,09,28
2008,09,28
2008,09,28
2008,09,28
2008,09,28
2008,09,29
2008,09,28
2008,09,28
2008,09,29
2008,09,26
2008,09,27
2008,09,27
2008,09,27
2008,09,28
2008,09,25
2008,09,25
2008,09,27
2008,09,27
2008,09,26
2008,09,26
2008,09,25
2008,09,25
2008,10,25
2008,10,26
2008,10,26
2008,10,26
2008,10,23
2008,10,23
2008,10,23
2008,10,24
2008,10,25
2008,10,26
2008,10,26
2008,10,26
2008,10,24
2008,10,24
2008,10,25
2008,10,24
2008,10,26
2008,10,26
2008,10,26
2008,10,26
2008,10,26
2008,10,25
2008,10,24
2008,10,26
2008,10,26
2008,10,26
2008,10,26
2008,10,24
2008,10,26
2008,10,26
2008,10,26
2008,11,26
2008,11,27
2008,11,24
2008,11,23
2008,11,25
2008,11,26
2008,11,26
2008,11,21
2008,11,19
2008,11,17
2008,11,17
2008,11,16
2008,11,19
2008,11,22
2008,11,22
2008,11,21
2008,11,22
2008,11,20
2008,11,17
2008,11,15
2008,11,17
2008,11,21
2008,11,22
2008,11,21
2008,11,19
2008,11,19
2008,11,17
2008,11,13
2008,11,12
2008,11,14
2008,12,15
2008,12,15
2008,12,19
2008,12,21
2008,12,17
2008,12,13
2008,12,13
2008,12,17
2008,12,14
2008,12,15
2008,12,15
2008,12,20
2008,12,20
2008,12,17
2008,12,14
2008,12,15
2008,12,14
2008,12,15
2008,12,18
2008,12,18
2008,12,19
2008,12,12
2008,12,10
2008,12,15
2008,12,16
2008,12,18
2008,12,18
2008,12,19
2008,12,18
2008,12,15
2008,12,12
2009,01,12
2009,01,11
2009,01,13
2009,01,15
2009,01,16
2009,01,16
2009,01,16
2009,01,12
2009,01,10
2009,01,10
2009,01,8
2009,01,10
2009,01,10
2009,01,9
2009,01,11
2009,01,11
2009,01,14
2009,01,15
2009,01,17
2009,01,17
2009,01,18
2009,01,15
2009,01,13
2009,01,10
2009,01,10
2009,01,11
2009,01,10
2009,01,11
2009,01,13
2009,01,13
2009,01,13
2009,02,16
2009,02,17
2009,02,15
2009,02,17
2009,02,18
2009,02,18
2009,02,18
2009,02,19
2009,02,19
2009,02,18
2009,02,17
2009,02,19
2009,02,23
2009,02,23
2009,02,21
2009,02,19
2009,02,18
2009,02,18
2009,02,19
2009,02,19
2009,02,17
2009,02,22
2009,02,23
2009,02,22
2009,02,22
2009,02,21
2009,02,21
2009,02,20
2009,03,19
2009,03,17
2009,03,17
2009,03,18
2009,03,19
2009,03,14
2009,03,13
2009,03,14
2009,03,15
2009,03,18
2009,03,18
2009,03,19
2009,03,14
2009,03,13
2009,03,15
2009,03,18
2009,03,18
2009,03,21
2009,03,21
2009,03,22
2009,03,23
2009,03,25
2009,03,23
2009,03,21
2009,03,17
2009,03,19
2009,03,19
2009,03,21
2009,03,20
2009,03,17
2009,03,17
2009,04,20
2009,04,18
2009,04,18
2009,04,21
2009,04,22
2009,04,17
2009,04,18
2009,04,19
2009,04,21
2009,04,21
2009,04,21
2009,04,21
2009,04,22
2009,04,22
2009,04,22
2009,04,19
2009,04,21
2009,04,22
2009,04,23
2009,04,25
2009,04,23
2009,04,22
2009,04,22
2009,04,23
2009,04,20
2009,04,19
2009,04,20
2009,04,21
2009,04,21
2009,04,22
2009,05,22
2009,05,22
2009,05,22
2009,05,21
2009,05,23
2009,05,22
2009,05,22
2009,05,22
2009,05,23
2009,05,25
2009,05,25
2009,05,25
2009,05,25
2009,05,25
2009,05,25
2009,05,25
2009,05,25
2009,05,26
2009,05,28
2009,05,23
2009,05,25
2009,05,27
2009,05,24
2009,05,25
2009,05,25
2009,05,24
2009,05,25
2009,05,24
2009,05,21
2009,05,22
2009,05,24
2009,06,24
2009,06,26
2009,06,28
2009,06,26
2009,06,25
2009,06,26
2009,06,26
2009,06,27
2009,06,25
2009,06,27
2009,06,25
2009,06,25
2009,06,28
2009,06,27
2009,06,27
2009,06,26
2009,06,28
2009,06,27
2009,06,28
2009,06,28
2009,06,28
2009,06,30
2009,06,28
2009,06,29
2009,06,29
2009,06,27
2009,06,26
2009,06,24
2009,06,28
2009,06,29
2009,07,29
2009,07,29
2009,07,29
2009,07,24
2009,07,25
2009,07,26
2009,07,28
2009,07,28
2009,07,28
2009,07,28
2009,07,28
2009,07,29
2009,07,27
2009,07,28
2009,07,27
2009,07,29
2009,07,29
2009,07,26
2009,07,26
2009,07,27
2009,07,28
2009,07,28
2009,07,28
2009,07,28
2009,07,27
2009,07,27
2009,07,26
2009,07,27
2009,07,28
2009,07,28
2009,07,28
2009,08,27
2009,08,29
2009,08,28
2009,08,27
2009,08,27
2009,08,27
2009,08,27
2009,08,29
2009,08,30
2009,08,29
2009,08,27
2009,08,26
2009,08,25
2009,08,26
2009,08,28
2009,08,28
2009,08,28
2009,08,28
2009,08,28
2009,08,28
2009,08,29
2009,08,28
2009,08,28
2009,08,29
2009,08,29
2009,08,29
2009,08,29
2009,08,28
2009,08,29
2009,08,26
2009,08,28
2009,09,28
2009,09,28
2009,09,29
2009,09,29
2009,09,29
2009,09,29
2009,09,28
2009,09,27
2009,09,27
2009,09,28
2009,09,27
2009,09,27
2009,09,27
2009,09,26
2009,09,26
2009,09,28
2009,09,28
2009,09,27
2009,09,28
2009,09,29
2009,09,26
2009,09,27
2009,09,26
2009,09,28
2009,09,29
2009,09,29
2009,09,29
2009,09,25
2009,09,25
2009,09,26
2009,10,26
2009,10,26
2009,10,27
2009,10,25
2009,10,26
2009,10,27
2009,10,27
2009,10,25
2009,10,24
2009,10,25
2009,10,25
2009,10,25
2009,10,27
2009,10,26
2009,10,24
2009,10,26
2009,10,24
2009,10,25
2009,10,26
2009,10,24
2009,10,25
2009,10,25
2009,10,23
2009,10,25
2009,10,24
2009,10,24
2009,10,25
2009,10,24
2009,10,24
2009,10,24
2009,10,25
2009,11,25
2009,11,21
2009,11,16
2009,11,17
2009,11,21
2009,11,21
2009,11,25
2009,11,25
2009,11,25
2009,11,25
2009,11,25
2009,11,20
2009,11,16
2009,11,14
2009,11,17
2009,11,13
2009,11,10
2009,11,9
2009,11,11
2009,11,13
2009,11,12
2009,11,13
2009,11,15
2009,11,17
2009,11,18
2009,11,21
2009,11,21
2009,11,21
2009,11,20
2009,11,18
2009,12,16
2009,12,19
2009,12,15
2009,12,15
2009,12,16
2009,12,17
2009,12,18
2009,12,18
2009,12,18
2009,12,19
2009,12,18
2009,12,21
2009,12,19
2009,12,19
2009,12,16
2009,12,13
2009,12,11
2009,12,11
2009,12,11
2009,12,11
2009,12,13
2009,12,15
2009,12,17
2009,12,18
2009,12,17
2009,12,17
2009,12,11
2009,12,10
2009,12,14
2009,12,15
2009,12,15
2010,01,16
2010,01,16
2010,01,16
2010,01,17
2010,01,17
2010,01,13
2010,01,11
2010,01,11
2010,01,13
2010,01,17
2010,01,12
2010,01,10
2010,01,10
2010,01,13
2010,01,15
2010,01,14
2010,01,14
2010,01,16
2010,01,16
2010,01,21
2010,01,22
2010,01,17
2010,01,13
2010,01,13
2010,01,15
2010,01,15
2010,01,16
2010,01,18
2010,01,18
2010,01,18
2010,01,20
2010,02,19
2010,02,19
2010,02,18
2010,02,18
2010,02,18
2010,02,18
2010,02,18
2010,02,18
2010,02,22
2010,02,24
2010,02,25
2010,02,11
2010,02,10
2010,02,14
2010,02,10
2010,02,8
2010,02,8
2010,02,7
2010,02,7
2010,02,11
2010,02,15
2010,02,16
2010,02,17
2010,02,21
2010,02,24
2010,02,22
2010,02,23
2010,02,23
2010,03,23
2010,03,25
2010,03,24
2010,03,25
2010,03,25
2010,03,25
2010,03,15
2010,03,12
2010,03,9
2010,03,8
2010,03,11
2010,03,17
2010,03,18
2010,03,20
2010,03,20
2010,03,19
2010,03,18
2010,03,19
2010,03,18
2010,03,20
2010,03,20
2010,03,20
2010,03,22
2010,03,19
2010,03,15
2010,03,16
2010,03,18
2010,03,16
2010,03,18
2010,03,19
2010,03,21
2010,04,22
2010,04,18
2010,04,18
2010,04,19
2010,04,21
2010,04,23
2010,04,19
2010,04,16
2010,04,18
2010,04,20
2010,04,22
2010,04,26
2010,04,21
2010,04,19
2010,04,13
2010,04,13
2010,04,17
2010,04,19
2010,04,21
2010,04,23
2010,04,26
2010,04,21
2010,04,19
2010,04,20
2010,04,20
2010,04,21
2010,04,20
2010,04,22
2010,04,19
2010,04,19
2010,05,21
2010,05,23
2010,05,22
2010,05,23
2010,05,25
2010,05,26
2010,05,23
2010,05,26
2010,05,26
2010,05,22
2010,05,24
2010,05,24
2010,05,24
2010,05,25
2010,05,24
2010,05,24
2010,05,25
2010,05,27
2010,05,23
2010,05,23
2010,05,28
2010,05,29
2010,05,24
2010,05,22
2010,05,24
2010,05,25
2010,05,26
2010,05,26
2010,05,25
2010,05,26
2010,05,25
2010,06,23
2010,06,21
2010,06,21
2010,06,24
2010,06,24
2010,06,24
2010,06,24
2010,06,25
2010,06,24
2010,06,25
2010,06,26
2010,06,26
2010,06,28
2010,06,29
2010,06,29
2010,06,29
2010,06,30
2010,06,29
2010,06,29
2010,06,29
2010,06,29
2010,06,28
2010,06,26
2010,06,29
2010,06,28
2010,06,25
2010,06,26
2010,06,25
2010,06,26
2010,06,28
2010,07,28
2010,07,29
2010,07,29
2010,07,29
2010,07,29
2010,07,30
2010,07,30
2010,07,29
2010,07,30
2010,07,29
2010,07,28
2010,07,27
2010,07,29
2010,07,29
2010,07,27
2010,07,27
2010,07,25
2010,07,26
2010,07,28
2010,07,27
2010,07,26
2010,07,27
2010,07,26
2010,07,28
2010,07,27
2010,07,27
2010,07,27
2010,07,24
2010,07,25
2010,07,28
2010,07,29
2010,08,29
2010,08,28
2010,08,27
2010,08,28
2010,08,25
2010,08,26
2010,08,26
2010,08,26
2010,08,29
2010,08,28
2010,08,29
2010,08,29
2010,08,29
2010,08,27
2010,08,26
2010,08,26
2010,08,27
2010,08,27
2010,08,27
2010,08,26
2010,08,28
2010,08,29
2010,08,26
2010,08,26
2010,08,27
2010,08,27
2010,08,27
2010,08,27
2010,08,27
2010,08,28
2010,08,29
2010,09,30
2010,09,28
2010,09,25
2010,09,26
2010,09,25
2010,09,27
2010,09,29
2010,09,29
2010,09,25
2010,09,24
2010,09,25
2010,09,25
2010,09,25
2010,09,27
2010,09,27
2010,09,26
2010,09,26
2010,09,28
2010,09,29
2010,09,25
2010,09,24
2010,09,24
2010,09,26
2010,09,26
2010,09,27
2010,09,26
2010,09,27
2010,09,26
2010,09,28
2010,09,27
2010,10,27
2010,10,27
2010,10,27
2010,10,25
2010,10,24
2010,10,23
2010,10,25
2010,10,26
2010,10,25
2010,10,25
2010,10,27
2010,10,27
2010,10,26
2010,10,27
2010,10,25
2010,10,24
2010,10,25
2010,10,26
2010,10,25
2010,10,25
2010,10,25
2010,10,23
2010,10,23
2010,10,23
2010,10,24
2010,10,20
2010,10,18
2010,10,16
2010,10,17
2010,10,16
2010,10,17
2010,11,18
2010,11,20
2010,11,19
2010,11,17
2010,11,17
2010,11,17
2010,11,20
2010,11,19
2010,11,21
2010,11,19
2010,11,18
2010,11,19
2010,11,21
2010,11,22
2010,11,23
2010,11,20
2010,11,18
2010,11,21
2010,11,19
2010,11,19
2010,11,20
2010,11,20
2010,11,20
2010,11,20
2010,11,19
2010,11,18
2010,11,19
2010,11,20
2010,11,19
2010,11,20
2010,12,19
2010,12,18
2010,12,17
2010,12,19
2010,12,20
2010,12,21
2010,12,17
2010,12,15
2010,12,14
2010,12,18
2010,12,20
2010,12,20
2010,12,18
2010,12,20
2010,12,11
2010,12,7
2010,12,5
2010,12,9
2010,12,16
2010,12,17
2010,12,20
2010,12,18
2010,12,17
2010,12,18
2010,12,11
2010,12,9
2010,12,9
2010,12,11
2010,12,14
2010,12,14
2010,12,13
2011,01,13
2011,01,14
2011,01,10
2011,01,9
2011,01,12
2011,01,10
2011,01,8
2011,01,10
2011,01,12
2011,01,10
2011,01,8
2011,01,6
2011,01,8
2011,01,13
2011,01,10
2011,01,9
2011,01,9
2011,01,13
2011,01,13
2011,01,13
2011,01,10
2011,01,10
2011,01,13
2011,01,12
2011,01,12
2011,01,12
2011,01,14
2011,01,13
2011,01,10
2011,01,8
2011,01,10
2011,02,13
2011,02,12
2011,02,14
2011,02,13
2011,02,14
2011,02,16
2011,02,19
2011,02,18
2011,02,17
2011,02,16
2011,02,15
2011,02,12
2011,02,11
2011,02,8
2011,02,10
2011,02,12
2011,02,12
2011,02,13
2011,02,11
2011,02,12
2011,02,15
2011,02,15
2011,02,16
2011,02,15
2011,02,18
2011,02,17
2011,02,18
2011,02,16
2011,03,19
2011,03,17
2011,03,16
2011,03,15
2011,03,16
2011,03,18
2011,03,16
2011,03,13
2011,03,13
2011,03,14
2011,03,16
2011,03,17
2011,03,17
2011,03,20
2011,03,15
2011,03,13
2011,03,14
2011,03,14
2011,03,13
2011,03,17
2011,03,21
2011,03,16
2011,03,14
2011,03,14
2011,03,15
2011,03,17
2011,03,14
2011,03,15
2011,03,16
2011,03,18
2011,03,17
2011,04,18
2011,04,19
2011,04,19
2011,04,18
2011,04,18
2011,04,18
2011,04,20
2011,04,20
2011,04,21
2011,04,21
2011,04,20
2011,04,21
2011,04,21
2011,04,21
2011,04,22
2011,04,23
2011,04,24
2011,04,23
2011,04,22
2011,04,21
2011,04,22
2011,04,23
2011,04,20
2011,04,19
2011,04,20
2011,04,20
2011,04,24
2011,04,25
2011,04,23
2011,04,24
2011,05,25
2011,05,26
2011,05,24
2011,05,22
2011,05,22
2011,05,25
2011,05,26
2011,05,27
2011,05,26
2011,05,27
2011,05,28
2011,05,28
2011,05,25
2011,05,24
2011,05,25
2011,05,25
2011,05,23
2011,05,23
2011,05,25
2011,05,25
2011,05,25
2011,05,23
2011,05,22
2011,05,20
2011,05,20
2011,05,23
2011,05,24
2011,05,24
2011,05,25
2011,05,25
2011,05,23
2011,06,26
2011,06,26
2011,06,27
2011,06,27
2011,06,28
2011,06,29
2011,06,29
2011,06,29
2011,06,29
2011,06,28
2011,06,26
2011,06,25
2011,06,27
2011,06,27
2011,06,29
2011,06,25
2011,06,27
2011,06,27
2011,06,28
2011,06,28
2011,06,28
2011,06,26
2011,06,25
2011,06,28
2011,06,27
2011,06,28
2011,06,29
2011,06,25
2011,06,24
2011,06,26
2011,07,28
2011,07,28
2011,07,28
2011,07,28
2011,07,28
2011,07,29
2011,07,29
2011,07,29
2011,07,27
2011,07,28
2011,07,28
2011,07,28
2011,07,27
2011,07,26
2011,07,26
2011,07,26
2011,07,28
2011,07,26
2011,07,26
2011,07,26
2011,07,27
2011,07,28
2011,07,28
2011,07,27
2011,07,28
2011,07,29
2011,07,28
2011,07,27
2011,07,26
2011,07,27
2011,07,27
2011,08,27
2011,08,27
2011,08,27
2011,08,28
2011,08,28
2011,08,28
2011,08,30
2011,08,27
2011,08,27
2011,08,25
2011,08,26
2011,08,28
2011,08,28
2011,08,29
2011,08,29
2011,08,28
2011,08,28
2011,08,28
2011,08,28
2011,08,28
2011,08,29
2011,08,28
2011,08,29
2011,08,28
2011,08,29
2011,08,28
2011,08,28
2011,08,29
2011,08,30
2011,08,30
2011,08,30
2011,09,28
2011,09,28
2011,09,26
2011,09,28
2011,09,28
2011,09,28
2011,09,28
2011,09,28
2011,09,28
2011,09,29
2011,09,27
2011,09,27
2011,09,28
2011,09,27
2011,09,26
2011,09,28
2011,09,28
2011,09,29
2011,09,25
2011,09,25
2011,09,23
2011,09,24
2011,09,24
2011,09,24
2011,09,24
2011,09,25
2011,09,27
2011,09,27
2011,09,26
2011,09,26
2011,10,26
2011,10,25
2011,10,21
2011,10,21
2011,10,23
2011,10,23
2011,10,25
2011,10,25
2011,10,25
2011,10,25
2011,10,25
2011,10,24
2011,10,25
2011,10,25
2011,10,23
2011,10,23
2011,10,23
2011,10,22
2011,10,24
2011,10,23
2011,10,22
2011,10,23
2011,10,25
2011,10,23
2011,10,24
2011,10,22
2011,10,23
2011,10,24
2011,10,22
2011,10,22
2011,10,24
2011,11,23
2011,11,24
2011,11,24
2011,11,26
2011,11,25
2011,11,27
2011,11,26
2011,11,22
2011,11,19
2011,11,17
2011,11,17
2011,11,19
2011,11,21
2011,11,23
2011,11,23
2011,11,23
2011,11,23
2011,11,23
2011,11,24
2011,11,22
2011,11,22
2011,11,21
2011,11,22
2011,11,20
2011,11,20
2011,11,21
2011,11,19
2011,11,20
2011,11,22
2011,11,22
2011,12,14
2011,12,13
2011,12,11
2011,12,15
2011,12,19
2011,12,19
2011,12,21
2011,12,16
2011,12,13
2011,12,11
2011,12,10
2011,12,12
2011,12,14
2011,12,18
2011,12,17
2011,12,15
2011,12,14
2011,12,14
2011,12,14
2011,12,17
2011,12,18
2011,12,17
2011,12,12
2011,12,11
2011,12,10
2011,12,14
2011,12,15
2011,12,15
2011,12,16
2011,12,17
2011,12,16
2012,01,16
2012,01,16
2012,01,11
2012,01,9
2012,01,9
2012,01,12
2012,01,13
2012,01,13
2012,01,13
2012,01,15
2012,01,14
2012,01,14
2012,01,16
2012,01,16
2012,01,15
2012,01,14
2012,01,17
2012,01,18
2012,01,17
2012,01,16
2012,01,10
2012,01,8
2012,01,8
2012,01,7
2012,01,7
2012,01,11
2012,01,14
2012,01,12
2012,01,14
2012,01,13
2012,02,13
2012,02,16
2012,02,13
2012,02,15
2012,02,17
2012,02,19
2012,02,12
2012,02,11
2012,02,11
2012,02,12
2012,02,10
2012,02,13
2012,02,15
2012,02,19
2012,02,18
2012,02,15
2012,02,13
2012,02,12
2012,02,13
2012,02,14
2012,02,17
2012,02,18
2012,02,21
2012,02,18
2012,02,15
2012,02,12
2012,02,10
2012,02,9
2012,02,15
2012,03,15
2012,03,17
2012,03,19
2012,03,18
2012,03,21
2012,03,24
2012,03,19
2012,03,17
2012,03,14
2012,03,12
2012,03,12
2012,03,12
2012,03,13
2012,03,15
2012,03,17
2012,03,20
2012,03,20
2012,03,20
2012,03,20
2012,03,20
2012,03,19
2012,03,19
2012,03,16
2012,03,13
2012,03,16
2012,03,17
2012,03,19
2012,03,20
2012,03,21
2012,03,22
2012,03,20
2012,04,19
2012,04,21
2012,04,23
2012,04,22
2012,04,21
2012,04,19
2012,04,19
2012,04,20
2012,04,20
2012,04,22
2012,04,23
2012,04,24
2012,04,25
2012,04,25
2012,04,26
2012,04,23
2012,04,21
2012,04,22
2012,04,23
2012,04,21
2012,04,22
2012,04,22
2012,04,25
2012,04,26
2012,04,23
2012,04,23
2012,04,22
2012,04,22
2012,04,24
2012,04,28
2012,05,28
2012,05,29
2012,05,29
2012,05,26
2012,05,25
2012,05,25
2012,05,26
2012,05,27
2012,05,28
2012,05,29
2012,05,27
2012,05,26
2012,05,26
2012,05,27
2012,05,27
2012,05,27
2012,05,27
2012,05,25
2012,05,26
2012,05,26
2012,05,26
2012,05,25
2012,05,25
2012,05,26
2012,05,27
2012,05,28
2012,05,27
2012,05,26
2012,05,26
2012,05,26
2012,05,27
2012,06,26
2012,06,26
2012,06,26
2012,06,27
2012,06,27
2012,06,27
2012,06,28
2012,06,29
2012,06,28
2012,06,27
2012,06,28
2012,06,27
2012,06,26
2012,06,27
2012,06,28
2012,06,26
2012,06,26
2012,06,27
2012,06,27
2012,06,28
2012,06,27
2012,06,27
2012,06,29
2012,06,29
2012,06,28
2012,06,29
2012,06,28
2012,06,27
2012,06,28
2012,06,26
2012,07,27
2012,07,27
2012,07,27
2012,07,27
2012,07,27
2012,07,27
2012,07,28
2012,07,27
2012,07,28
2012,07,29
2012,07,29
2012,07,29
2012,07,27
2012,07,28
2012,07,28
2012,07,29
2012,07,29
2012,07,24
2012,07,29
2012,07,29
2012,07,30
2012,07,28
2012,07,26
2012,07,26
2012,07,25
2012,07,26
2012,07,25
2012,07,26
2012,07,26
2012,07,26
2012,07,28
2012,08,27
2012,08,30
2012,08,30
2012,08,30
2012,08,29
2012,08,27
2012,08,27
2012,08,29
2012,08,29
2012,08,28
2012,08,27
2012,08,26
2012,08,27
2012,08,28
2012,08,27
2012,08,27
2012,08,26
2012,08,28
2012,08,28
2012,08,27
2012,08,28
2012,08,27
2012,08,26
2012,08,28
2012,08,28
2012,08,30
2012,08,29
2012,08,29
2012,08,26
2012,08,29
2012,08,27
2012,09,26
2012,09,26
2012,09,28
2012,09,27
2012,09,27
2012,09,27
2012,09,28
2012,09,27
2012,09,28
2012,09,28
2012,09,28
2012,09,28
2012,09,26
2012,09,25
2012,09,24
2012,09,25
2012,09,25
2012,09,25
2012,09,26
2012,09,26
2012,09,27
2012,09,27
2012,09,27
2012,09,26
2012,09,26
2012,09,27
2012,09,26
2012,09,27
2012,09,26
2012,09,25
2012,10,25
2012,10,25
2012,10,25
2012,10,24
2012,10,25
2012,10,26
2012,10,26
2012,10,26
2012,10,24
2012,10,26
2012,10,25
2012,10,24
2012,10,23
2012,10,24
2012,10,25
2012,10,25
2012,10,25
2012,10,24
2012,10,24
2012,10,24
2012,10,23
2012,10,23
2012,10,23
2012,10,24
2012,10,25
2012,10,23
2012,10,25
2012,10,25
2012,10,26
2012,10,20
2012,10,18
2012,11,19
2012,11,21
2012,11,23
2012,11,22
2012,11,22
2012,11,23
2012,11,23
2012,11,23
2012,11,25
2012,11,25
2012,11,21
2012,11,20
2012,11,21
2012,11,22
2012,11,23
2012,11,23
2012,11,18
2012,11,18
2012,11,21
2012,11,22
2012,11,23
2012,11,24
2012,11,19
2012,11,16
2012,11,21
2012,11,14
2012,11,13
2012,11,18
2012,11,19
2012,11,19
2012,12,19
2012,12,16
2012,12,15
2012,12,15
2012,12,15
2012,12,13
2012,12,17
2012,12,18
2012,12,18
2012,12,18
2012,12,17
2012,12,15
2012,12,18
2012,12,20
2012,12,21
2012,12,21
2012,12,22
2012,12,13
2012,12,12
2012,12,17
2012,12,19
2012,12,14
2012,12,10
2012,12,9
2012,12,15
2012,12,18
2012,12,17
2012,12,17
2012,12,12
2012,12,9
2012,12,7
2013,01,10
2013,01,16
2013,01,13
2013,01,10
2013,01,10
2013,01,12
2013,01,13
2013,01,15
2013,01,14
2013,01,12
2013,01,15
2013,01,14
2013,01,14
2013,01,12
2013,01,14
2013,01,14
2013,01,15
2013,01,14
2013,01,13
2013,01,17
2013,01,20
2013,01,19
2013,01,17
2013,01,18
2013,01,17
2013,01,17
2013,01,16
2013,01,15
2013,01,17
2013,01,18
2013,01,18
2013,02,19
2013,02,19
2013,02,19
2013,02,20
2013,02,21
2013,02,21
2013,02,19
2013,02,13
2013,02,11
2013,02,13
2013,02,16
2013,02,17
2013,02,15
2013,02,17
2013,02,18
2013,02,17
2013,02,17
2013,02,18
2013,02,18
2013,02,16
2013,02,17
2013,02,17
2013,02,16
2013,02,17
2013,02,19
2013,02,21
2013,02,21
2013,02,19
2013,03,20
2013,03,15
2013,03,13
2013,03,13
2013,03,16
2013,03,17
2013,03,16
2013,03,17
2013,03,18
2013,03,18
2013,03,19
2013,03,19
2013,03,21
2013,03,19
2013,03,18
2013,03,19
2013,03,20
2013,03,22
2013,03,23
2013,03,23
2013,03,20
2013,03,20
2013,03,22
2013,03,22
2013,03,21
2013,03,20
2013,03,20
2013,03,19
2013,03,20
2013,03,19
2013,03,20
2013,04,19
2013,04,21
2013,04,20
2013,04,19
2013,04,21
2013,04,18
2013,04,16
2013,04,19
2013,04,18
2013,04,18
2013,04,17
2013,04,16
2013,04,18
2013,04,20
2013,04,20
2013,04,22
2013,04,23
2013,04,23
2013,04,23
2013,04,22
2013,04,21
2013,04,20
2013,04,21
2013,04,23
2013,04,23
2013,04,22
2013,04,22
2013,04,21
2013,04,23
2013,04,22
2013,05,21
2013,05,18
2013,05,19
2013,05,19
2013,05,22
2013,05,22
2013,05,23
2013,05,23
2013,05,24
2013,05,25
2013,05,23
2013,05,25
2013,05,25
2013,05,26
2013,05,27
2013,05,25
2013,05,26
2013,05,27
2013,05,28
2013,05,25
2013,05,24
2013,05,23
2013,05,25
2013,05,26
2013,05,24
2013,05,27
2013,05,29
2013,05,28
2013,05,29
2013,05,28
2013,05,27
2013,06,29
2013,06,29
2013,06,28
2013,06,25
2013,06,27
2013,06,25
2013,06,28
2013,06,29
2013,06,28
2013,06,25
2013,06,23
2013,06,24
2013,06,23
2013,06,24
2013,06,26
2013,06,27
2013,06,28
2013,06,28
2013,06,28
2013,06,29
2013,06,28
2013,06,25
2013,06,26
2013,06,25
2013,06,29
2013,06,29
2013,06,29
2013,06,29
2013,06,29
2013,06,29
2013,07,26
2013,07,28
2013,07,28
2013,07,28
2013,07,28
2013,07,27
2013,07,26
2013,07,28
2013,07,28
2013,07,27
2013,07,28
2013,07,29
2013,07,29
2013,07,27
2013,07,25
2013,07,25
2013,07,26
2013,07,26
2013,07,27
2013,07,27
2013,07,27
2013,07,28
2013,07,28
2013,07,25
2013,07,25
2013,07,25
2013,07,26
2013,07,26
2013,07,27
2013,07,27
2013,07,29
2013,08,28
2013,08,26
2013,08,26
2013,08,28
2013,08,26
2013,08,28
2013,08,27
2013,08,28
2013,08,28
2013,08,28
2013,08,28
2013,08,28
2013,08,27
2013,08,26
2013,08,28
2013,08,27
2013,08,27
2013,08,28
2013,08,27
2013,08,27
2013,08,28
2013,08,25
2013,08,26
2013,08,27
2013,08,27
2013,08,27
2013,08,27
2013,08,27
2013,08,27
2013,08,26
2013,08,26
2013,09,26
2013,09,25
2013,09,26
2013,09,25
2013,09,24
2013,09,26
2013,09,26
2013,09,27
2013,09,27
2013,09,27
2013,09,28
2013,09,28
2013,09,27
2013,09,27
2013,09,27
2013,09,28
2013,09,28
2013,09,27
2013,09,27
2013,09,28
2013,09,30
2013,09,26
2013,09,25
2013,09,27
2013,09,28
2013,09,26
2013,09,24
2013,09,26
2013,09,25
2013,09,24
2013,10,27
2013,10,26
2013,10,24
2013,10,24
2013,10,24
2013,10,25
2013,10,26
2013,10,26
2013,10,25
2013,10,26
2013,10,26
2013,10,27
2013,10,27
2013,10,26
2013,10,26
2013,10,24
2013,10,25
2013,10,24
2013,10,23
2013,10,24
2013,10,23
2013,10,24
2013,10,22
2013,10,22
2013,10,23
2013,10,19
2013,10,20
2013,10,22
2013,10,23
2013,10,24
2013,10,23
2013,11,22
2013,11,25
2013,11,24
2013,11,21
2013,11,21
2013,11,23
2013,11,23
2013,11,24
2013,11,23
2013,11,25
2013,11,24
2013,11,22
2013,11,19
2013,11,19
2013,11,18
2013,11,19
2013,11,19
2013,11,19
2013,11,19
2013,11,20
2013,11,18
2013,11,20
2013,11,21
2013,11,21
2013,11,17
2013,11,18
2013,11,15
2013,11,13
2013,11,14
2013,11,13
2013,12,14
2013,12,13
2013,12,16
2013,12,17
2013,12,14
2013,12,15
2013,12,16
2013,12,18
2013,12,20
2013,12,18
2013,12,18
2013,12,16
2013,12,16
2013,12,17
2013,12,16
2013,12,12
2013,12,11
2013,12,10
2013,12,9
2013,12,11
2013,12,14
2013,12,11
2013,12,11
2013,12,11
2013,12,13
2013,12,12
2013,12,11
2013,12,9
2013,12,9
2013,12,10
2013,12,11
2014,01,12
2014,01,14
2014,01,18
2014,01,17
2014,01,14
2014,01,15
2014,01,17
2014,01,16
2014,01,14
2014,01,15
2014,01,14
2014,01,15
2014,01,12
2014,01,10
2014,01,11
2014,01,12
2014,01,12
2014,01,14
2014,01,13
2014,01,13
2014,01,13
2014,01,11
2014,01,12
2014,01,13
2014,01,17
2014,01,18
2014,01,16
2014,01,15
2014,01,15
2014,01,15
2014,01,16
2014,02,17
2014,02,17
2014,02,17
2014,02,18
2014,02,16
2014,02,18
2014,02,17
2014,02,14
2014,02,10
2014,02,8
2014,02,7
2014,02,6
2014,02,7
2014,02,7
2014,02,9
2014,02,14
2014,02,16
2014,02,11
2014,02,8
2014,02,7
2014,02,12
2014,02,14
2014,02,15
2014,02,16
2014,02,18
2014,02,19
2014,02,19
2014,02,18
2014,03,19
2014,03,17
2014,03,16
2014,03,16
2014,03,16
2014,03,16
2014,03,15
2014,03,15
2014,03,14
2014,03,14
2014,03,15
2014,03,17
2014,03,19
2014,03,16
2014,03,16
2014,03,18
2014,03,18
2014,03,19
2014,03,20
2014,03,19
2014,03,16
2014,03,15
2014,03,17
2014,03,18
2014,03,20
2014,03,21
2014,03,21
2014,03,22
2014,03,21
2014,03,21
2014,03,20
2014,04,21
2014,04,20
2014,04,19
2014,04,20
2014,04,18
2014,04,19
2014,04,19
2014,04,20
2014,04,21
2014,04,22
2014,04,22
2014,04,23
2014,04,23
2014,04,23
2014,04,22
2014,04,22
2014,04,23
2014,04,23
2014,04,23
2014,04,25
2014,04,24
2014,04,24
2014,04,23
2014,04,22
2014,04,23
2014,04,23
2014,04,22
2014,04,24
2014,04,24
2014,04,22
2014,05,22
2014,05,23
2014,05,25
2014,05,23
2014,05,20
2014,05,19
2014,05,21
2014,05,22
2014,05,21
2014,05,23
2014,05,22
2014,05,25
2014,05,26
2014,05,28
2014,05,29
2014,05,27
2014,05,27
2014,05,29
2014,05,25
2014,05,24
2014,05,24
2014,05,28
2014,05,26
2014,05,27
2014,05,27
2014,05,28
2014,05,29
2014,05,28
2014,05,29
2014,05,29
2014,05,29
2014,06,29
2014,06,29
2014,06,29
2014,06,29
2014,06,28
2014,06,27
2014,06,26
2014,06,28
2014,06,27
2014,06,28
2014,06,27
2014,06,28
2014,06,26
2014,06,28
2014,06,26
2014,06,29
2014,06,29
2014,06,27
2014,06,29
2014,06,29
2014,06,28
2014,06,26
2014,06,25
2014,06,26
2014,06,27
2014,06,28
2014,06,29
2014,06,29
2014,06,28
2014,06,28
2014,07,27
2014,07,29
2014,07,28
2014,07,30
2014,07,30
2014,07,29
2014,07,27
2014,07,28
2014,07,28
2014,07,28
2014,07,27
2014,07,27
2014,07,29
2014,07,29
2014,07,29
2014,07,29
2014,07,27
2014,07,26
2014,07,28
2014,07,27
2014,07,28
2014,07,28
2014,07,30
2014,07,27
2014,07,27
2014,07,26
2014,07,26
2014,07,28
2014,07,28
2014,07,28
2014,07,29
2014,08,25
2014,08,26
2014,08,26
2014,08,28
2014,08,29
2014,08,27
2014,08,27
2014,08,29
2014,08,29
2014,08,29
2014,08,30
2014,08,29
2014,08,25
2014,08,27
2014,08,28
2014,08,29
2014,08,28
2014,08,29
2014,08,25
2014,08,24
2014,08,27
2014,08,28
2014,08,28
2014,08,28
2014,08,27
2014,08,28
2014,08,28
2014,08,28
2014,08,28
2014,08,28
2014,08,27
2014,09,29
2014,09,28
2014,09,29
2014,09,29
2014,09,29
2014,09,28
2014,09,29
2014,09,29
2014,09,29
2014,09,28
2014,09,28
2014,09,26
2014,09,27
2014,09,28
2014,09,29
2014,09,27
2014,09,28
2014,09,27
2014,09,28
2014,09,28
2014,09,27
2014,09,26
2014,09,26
2014,09,27
2014,09,27
2014,09,27
2014,09,27
2014,09,27
2014,09,27
2014,09,28
2014,10,26
2014,10,27
2014,10,27
2014,10,27
2014,10,26
2014,10,25
2014,10,25
2014,10,24
2014,10,25
2014,10,24
2014,10,25
2014,10,26
2014,10,25
2014,10,24
2014,10,23
2014,10,25
2014,10,24
2014,10,24
2014,10,25
2014,10,26
2014,10,25
2014,10,26
2014,10,24
2014,10,25
2014,10,25
2014,10,25
2014,10,25
2014,10,25
2014,10,24
2014,10,25
2014,10,25
2014,11,24
2014,11,24
2014,11,21
2014,11,22
2014,11,24
2014,11,22
2014,11,21
2014,11,19
2014,11,20
2014,11,22
2014,11,22
2014,11,19
2014,11,18
2014,11,19
2014,11,21
2014,11,21
2014,11,20
2014,11,19
2014,11,20
2014,11,21
2014,11,21
2014,11,21
2014,11,22
2014,11,23
2014,11,22
2014,11,23
2014,11,23
2014,11,23
2014,11,24
2014,11,24
2014,12,15
2014,12,15
2014,12,17
2014,12,13
2014,12,13
2014,12,16
2014,12,17
2014,12,15
2014,12,18
2014,12,19
2014,12,18
2014,12,14
2014,12,11
2014,12,13
2014,12,17
2014,12,15
2014,12,11
2014,12,12
2014,12,11
2014,12,12
2014,12,15
2014,12,11
2014,12,14
2014,12,15
2014,12,16
2014,12,16
2014,12,15
2014,12,13
2014,12,11
2014,12,11
2014,12,12
2015,01,13
2015,01,14
2015,01,14
2015,01,16
2015,01,19
2015,01,19
2015,01,17
2015,01,14
2015,01,14
2015,01,14
2015,01,15
2015,01,12
2015,01,12
2015,01,11
2015,01,11
2015,01,15
2015,01,13
2015,01,14
2015,01,12
2015,01,15
2015,01,14
2015,01,14
2015,01,15
2015,01,17
2015,01,18
2015,01,18
2015,01,18
2015,01,17
2015,01,16
2015,01,16
2015,01,14
2015,02,14
2015,02,15
2015,02,17
2015,02,15
2015,02,12
2015,02,11
2015,02,15
2015,02,14
2015,02,14
2015,02,13
2015,02,14
2015,02,14
2015,02,16
2015,02,18
2015,02,18
2015,02,19
2015,02,18
2015,02,18
2015,02,17
2015,02,17
2015,02,19
2015,02,20
2015,02,19
2015,02,19
2015,02,20
2015,02,21
2015,02,20
2015,02,19
2015,03,18
2015,03,18
2015,03,18
2015,03,17
2015,03,17
2015,03,17
2015,03,17
2015,03,18
2015,03,19
2015,03,17
2015,03,16
2015,03,15
2015,03,17
2015,03,19
2015,03,21
2015,03,23
2015,03,22
2015,03,23
2015,03,24
2015,03,22
2015,03,21
2015,03,21
2015,03,20
2015,03,19
2015,03,17
2015,03,18
2015,03,19
2015,03,20
2015,03,21
2015,03,22
2015,03,23
2015,04,24
2015,04,24
2015,04,26
2015,04,26
2015,04,25
2015,04,24
2015,04,23
2015,04,16
2015,04,15
2015,04,16
2015,04,16
2015,04,17
2015,04,18
2015,04,18
2015,04,18
2015,04,19
2015,04,21
2015,04,24
2015,04,26
2015,04,22
2015,04,22
2015,04,22
2015,04,23
2015,04,23
2015,04,23
2015,04,23
2015,04,23
2015,04,23
2015,04,25
2015,04,25
2015,05,27
2015,05,27
2015,05,28
2015,05,28
2015,05,26
2015,05,26
2015,05,28
2015,05,28
2015,05,25
2015,05,25
2015,05,23
2015,05,24
2015,05,26
2015,05,28
2015,05,28
2015,05,25
2015,05,25
2015,05,28
2015,05,28
2015,05,25
2015,05,25
2015,05,24
2015,05,25
2015,05,25
2015,05,26
2015,05,26
2015,05,29
2015,05,30
2015,05,30
2015,05,26
2015,05,28
2015,06,29
2015,06,29
2015,06,29
2015,06,29
2015,06,26
2015,06,27
2015,06,29
2015,06,29
2015,06,29
2015,06,28
2015,06,28
2015,06,28
2015,06,30
2015,06,27
2015,06,29
2015,06,28
2015,06,29
2015,06,30
2015,06,30
2015,06,29
2015,06,27
2015,06,27
2015,06,25
2015,06,26
2015,06,28
2015,06,28
2015,06,30
2015,06,30
2015,06,29
2015,06,30
2015,07,30
2015,07,30
2015,07,30
2015,07,30
2015,07,29
2015,07,29
2015,07,28
2015,07,27
2015,07,25
2015,07,26
2015,07,28
2015,07,29
2015,07,29
2015,07,29
2015,07,28
2015,07,28
2015,07,25
2015,07,27
2015,07,28
2015,07,26
2015,07,25
2015,07,27
2015,07,26
2015,07,28
2015,07,28
2015,07,27
2015,07,28
2015,07,28
2015,07,28
2015,07,27
2015,07,27
2015,08,27
2015,08,27
2015,08,27
2015,08,27
2015,08,27
2015,08,28
2015,08,29
2015,08,30
2015,08,28
2015,08,26
2015,08,28
2015,08,29
2015,08,28
2015,08,25
2015,08,26
2015,08,29
2015,08,29
2015,08,29
2015,08,29
2015,08,29
2015,08,27
2015,08,29
2015,08,30
2015,08,29
2015,08,28
2015,08,25
2015,08,27
2015,08,27
2015,08,26
2015,08,27
2015,08,26
2015,09,27
2015,09,25
2015,09,26
2015,09,27
2015,09,27
2015,09,29
2015,09,28
2015,09,27
2015,09,27
2015,09,27
2015,09,27
2015,09,27
2015,09,26
2015,09,26
2015,09,27
2015,09,27
2015,09,27
2015,09,27
2015,09,26
2015,09,28
2015,09,25
2015,09,27
2015,09,28
2015,09,28
2015,09,28
2015,09,28
2015,09,28
2015,09,27
2015,09,28
2015,09,29
2015,10,28
2015,10,27
2015,10,25
2015,10,25
2015,10,27
2015,10,25
2015,10,27
2015,10,26
2015,10,26
2015,10,22
2015,10,19
2015,10,21
2015,10,23
2015,10,24
2015,10,23
2015,10,23
2015,10,23
2015,10,23
2015,10,23
2015,10,24
2015,10,24
2015,10,25
2015,10,25
2015,10,25
2015,10,26
2015,10,26
2015,10,24
2015,10,25
2015,10,26
2015,10,26
2015,10,26
2015,11,20
2015,11,19
2015,11,22
2015,11,24
2015,11,25
2015,11,26
2015,11,26
2015,11,26
2015,11,25
2015,11,24
2015,11,23
2015,11,24
2015,11,21
2015,11,22
2015,11,25
2015,11,25
2015,11,26
2015,11,24
2015,11,24
2015,11,25
2015,11,25
2015,11,24
2015,11,24
2015,11,23
2015,11,18
2015,11,15
2015,11,15
2015,11,19
2015,11,20
2015,11,20
2015,12,22
2015,12,22
2015,12,18
2015,12,17
2015,12,15
2015,12,14
2015,12,14
2015,12,16
2015,12,17
2015,12,18
2015,12,18
2015,12,20
2015,12,20
2015,12,18
2015,12,17
2015,12,13
2015,12,12
2015,12,11
2015,12,13
2015,12,16
2015,12,17
2015,12,19
2015,12,20
2015,12,19
2015,12,14
2015,12,16
2015,12,15
2015,12,16
2015,12,16
2015,12,15
2015,12,15
2016,01,18
2016,01,17
2016,01,18
2016,01,20
2016,01,20
2016,01,19
2016,01,17
2016,01,16
2016,01,17
2016,01,18
2016,01,17
2016,01,16
2016,01,14
2016,01,16
2016,01,15
2016,01,16
2016,01,16
2016,01,12
2016,01,16
2016,01,16
2016,01,15
2016,01,10
2016,01,7
2016,01,3
2016,01,4
2016,01,8
2016,01,8
2016,01,13
2016,01,16
2016,01,16
2016,01,16
2016,02,10
2016,02,8
2016,02,9
2016,02,12
2016,02,12
2016,02,11
2016,02,10
2016,02,10
2016,02,13
2016,02,16
2016,02,17
2016,02,20
2016,02,23
2016,02,18
2016,02,11
2016,02,11
2016,02,11
2016,02,11
2016,02,14
2016,02,13
2016,02,16
2016,02,15
2016,02,14
2016,02,12
2016,02,13
2016,02,14
2016,02,13
2016,02,12
2016,02,13
2016,03,15
2016,03,15
2016,03,16
2016,03,18
2016,03,20
2016,03,19
2016,03,19
2016,03,20
2016,03,19
2016,03,10
2016,03,10
2016,03,12
2016,03,15
2016,03,15
2016,03,14
2016,03,15
2016,03,17
2016,03,19
2016,03,21
2016,03,19
2016,03,17
2016,03,17
2016,03,18
2016,03,14
2016,03,13
2016,03,11
2016,03,15
2016,03,16
2016,03,16
2016,03,20
2016,03,19
2016,04,21
2016,04,21
2016,04,22
2016,04,21
2016,04,21
2016,04,22
2016,04,23
2016,04,24
2016,04,25
2016,04,21
2016,04,21
2016,04,21
2016,04,21
2016,04,23
2016,04,22
2016,04,22
2016,04,26
2016,04,20
2016,04,20
2016,04,21
2016,04,23
2016,04,21
2016,04,23
2016,04,24
2016,04,25
2016,04,27
2016,04,25
2016,04,25
2016,04,24
2016,04,21
2016,05,21
2016,05,24
2016,05,24
2016,05,24
2016,05,27
2016,05,28
2016,05,28
2016,05,28
2016,05,28
2016,05,24
2016,05,24
2016,05,24
2016,05,26
2016,05,26
2016,05,24
2016,05,23
2016,05,24
2016,05,24
2016,05,25
2016,05,25
2016,05,25
2016,05,26
2016,05,25
2016,05,26
2016,05,27
2016,05,28
2016,05,27
2016,05,25
2016,05,28
2016,05,29
2016,05,29
2016,06,29
2016,06,29
2016,06,30
2016,06,26
2016,06,25
2016,06,25
2016,06,27
2016,06,26
2016,06,28
2016,06,27
2016,06,26
2016,06,26
2016,06,29
2016,06,30
2016,06,30
2016,06,28
2016,06,27
2016,06,29
2016,06,29
2016,06,29
2016,06,29
2016,06,29
2016,06,29
2016,06,29
2016,06,29
2016,06,30
2016,06,30
2016,06,27
2016,06,28
2016,06,28
2016,07,29
2016,07,27
2016,07,28
2016,07,28
2016,07,28
2016,07,25
2016,07,28
2016,07,29
2016,07,30
2016,07,25
2016,07,28
2016,07,28
2016,07,26
2016,07,28
2016,07,29
2016,07,29
2016,07,30
2016,07,29
2016,07,28
2016,07,29
2016,07,29
2016,07,28
2016,07,29
2016,07,29
2016,07,28
2016,07,29
2016,07,29
2016,07,28
2016,07,29
2016,07,29
2016,07,28
2016,08,29
2016,08,25
2016,08,26
2016,08,27
2016,08,28
2016,08,28
2016,08,29
2016,08,29
2016,08,29
2016,08,25
2016,08,26
2016,08,27
2016,08,27
2016,08,27
2016,08,26
2016,08,26
2016,08,26
2016,08,27
2016,08,27
2016,08,28
2016,08,25
2016,08,27
2016,08,27
2016,08,29
2016,08,29
2016,08,29
2016,08,27
2016,08,26
2016,08,27
2016,08,26
2016,08,27
2016,09,26
2016,09,28
2016,09,27
2016,09,28
2016,09,26
2016,09,27
2016,09,26
2016,09,27
2016,09,26
2016,09,25
2016,09,26
2016,09,26
2016,09,28
2016,09,28
2016,09,29
2016,09,28
2016,09,28
2016,09,27
2016,09,27
2016,09,23
2016,09,25
2016,09,27
2016,09,27
2016,09,28
2016,09,27
2016,09,27
2016,09,28
2016,09,30
2016,09,25
2016,09,23
2016,10,24
2016,10,25
2016,10,27
2016,10,27
2016,10,27
2016,10,27
2016,10,26
2016,10,28
2016,10,25
2016,10,24
2016,10,21
2016,10,22
2016,10,24
2016,10,25
2016,10,25
2016,10,27
2016,10,25
2016,10,25
2016,10,25
2016,10,26
2016,10,26
2016,10,27
2016,10,27
2016,10,27
2016,10,27
2016,10,27
2016,10,26
2016,10,26
2016,10,25
2016,10,23
2016,10,23
2016,11,23
2016,11,21
2016,11,20
2016,11,19
2016,11,21
2016,11,23
2016,11,23
2016,11,23
2016,11,18
2016,11,16
2016,11,16
2016,11,22
2016,11,25
2016,11,23
2016,11,24
2016,11,24
2016,11,24
2016,11,24
2016,11,25
2016,11,26
2016,11,25
2016,11,22
2016,11,16
2016,11,14
2016,11,16
2016,11,13
2016,11,13
2016,11,16
2016,11,18
2016,11,18
2016,12,17
2016,12,18
2016,12,20
2016,12,21
2016,12,22
2016,12,20
2016,12,18
2016,12,18
2016,12,16
2016,12,19
2016,12,20
2016,12,20
2016,12,21
2016,12,19
2016,12,16
2016,12,13
2016,12,14
2016,12,18
2016,12,20
2016,12,21
2016,12,21
2016,12,19
2016,12,18
2016,12,17
2016,12,19
2016,12,19
2016,12,13
2016,12,11
2016,12,14
2016,12,15
2016,12,16
2017,01,19
2017,01,19
2017,01,20
2017,01,20
2017,01,20
2017,01,21
2017,01,21
2017,01,20
2017,01,20
2017,01,19
2017,01,16
2017,01,14
2017,01,13
2017,01,14
2017,01,14
2017,01,17
2017,01,18
2017,01,19
2017,01,16
2017,01,14
2017,01,14
2017,01,15
2017,01,16
2017,01,17
2017,01,16
2017,01,15
2017,01,17
2017,01,19
2017,01,18
2017,01,16
2017,02,17
2017,02,17
2017,02,16
2017,02,17
2017,02,18
2017,02,17
2017,02,17
2017,02,15
2017,02,11
2017,02,10
2017,02,11
2017,02,12
2017,02,13
2017,02,16
2017,02,16
2017,02,17
2017,02,16
2017,02,17
2017,02,17
2017,02,19
2017,02,18
2017,02,17
2017,02,13
2017,02,11
2017,02,10
2017,02,11
2017,02,16
2017,02,16
2017,03,16
2017,03,17
2017,03,16
2017,03,18
2017,03,20
2017,03,19
2017,03,17
2017,03,15
2017,03,15
2017,03,17
2017,03,18
2017,03,18
2017,03,21
2017,03,17
2017,03,17
2017,03,18
2017,03,18
2017,03,18
2017,03,20
2017,03,19
2017,03,21
2017,03,19
2017,03,20
2017,03,20
2017,03,16
2017,03,14
2017,03,16
2017,03,19
2017,03,21
2017,03,22
2017,03,16
2017,04,16
2017,04,17
2017,04,18
2017,04,20
2017,04,21
2017,04,23
2017,04,22
2017,04,24
2017,04,25
2017,04,27
2017,04,22
2017,04,18
2017,04,19
2017,04,20
2017,04,22
2017,04,24
2017,04,24
2017,04,24
2017,04,25
2017,04,25
2017,04,23
2017,04,18
2017,04,20
2017,04,21
2017,04,21
2017,04,23
2017,04,21
2017,04,20
2017,04,20
2017,04,21
2017,05,23
2017,05,25
2017,05,26
2017,05,22
2017,05,23
2017,05,25
2017,05,26
2017,05,22
2017,05,23
2017,05,26
2017,05,26
2017,05,27
2017,05,25
2017,05,25
2017,05,25
2017,05,24
2017,05,23
2017,05,25
2017,05,24
2017,05,23
2017,05,24
2017,05,25
2017,05,25
2017,05,24
2017,05,24
2017,05,24
2017,05,24
2017,05,26
2017,05,26
2017,05,26
2017,05,26
2017,06,29
2017,06,30
2017,06,29
2017,06,30
2017,06,29
2017,06,29
2017,06,27
2017,06,29
2017,06,28
2017,06,29
2017,06,29
2017,06,26
2017,06,25
2017,06,27
2017,06,28
2017,06,26
2017,06,25
2017,06,26
2017,06,26
2017,06,26
2017,06,26
2017,06,29
2017,06,29
2017,06,26
2017,06,27
2017,06,29
2017,06,29
2017,06,29
2017,06,29
2017,06,28
2017,07,28
2017,07,27
2017,07,26
2017,07,26
2017,07,27
2017,07,27
2017,07,26
2017,07,26
2017,07,28
2017,07,28
2017,07,28
2017,07,28
2017,07,28
2017,07,28
2017,07,28
2017,07,26
2017,07,26
2017,07,25
2017,07,25
2017,07,28
2017,07,28
2017,07,27
2017,07,26
2017,07,26
2017,07,28
2017,07,27
2017,07,29
2017,07,29
2017,07,30
2017,07,31
2017,07,30
2017,08,30
2017,08,27
2017,08,26
2017,08,26
2017,08,29
2017,08,29
2017,08,30
2017,08,30
2017,08,27
2017,08,29
2017,08,30
2017,08,29
2017,08,29
2017,08,29
2017,08,29
2017,08,27
2017,08,28
2017,08,28
2017,08,29
2017,08,28
2017,08,29
2017,08,27
2017,08,26
2017,08,26
2017,08,29
2017,08,27
2017,08,25
2017,08,26
2017,08,25
2017,08,28
2017,08,25
2017,09,26
2017,09,26
2017,09,26
2017,09,26
2017,09,28
2017,09,28
2017,09,28
2017,09,28
2017,09,26
2017,09,28
2017,09,27
2017,09,28
2017,09,29
2017,09,29
2017,09,28
2017,09,28
2017,09,29
2017,09,28
2017,09,28
2017,09,28
2017,09,28
2017,09,26
2017,09,27
2017,09,27
2017,09,27
2017,09,29
2017,09,28
2017,09,28
2017,09,29
2017,09,26
2017,10,29
2017,10,28
2017,10,29
2017,10,28
2017,10,28
2017,10,28
2017,10,29
2017,10,28
2017,10,29
2017,10,30
2017,10,29
2017,10,29
2017,10,25
2017,10,23
2017,10,21
2017,10,24
2017,10,23
2017,10,24
2017,10,24
2017,10,23
2017,10,22
2017,10,21
2017,10,20
2017,10,23
2017,10,23
2017,10,23
2017,10,23
2017,10,24
